"[1.222053905114001, 0.9721625927536504]"
"[1.2220708472399309, 0.9721535959115521]"
"[1.2220443729297097, 0.9721718017050401]"
"[1.22205717500893, 0.9721716039161012]"
"[1.2220553966694396, 0.9721809593116156]"
"[1.2220557818459967, 0.9721867985006158]"
"[1.2220623098595305, 0.9721872778428319]"
"[1.2220677642592899, 0.9721893907252447]"
"[1.22207096104138, 0.9721925053465158]"
"[1.2220725675407986, 0.9721953958293164]"
"[1.2220761341374338, 0.9721975081403035]"
"[1.2220791429981055, 0.9722047531477535]"
"[1.222081915105346, 0.9722046124263561]"
"[1.2220845165222056, 0.9722080101787139]"
"[1.2220855728303524, 0.9722134956510274]"
"[1.2220944271729983, 0.9722134406457438]"
"[1.222098672457475, 0.9722179117505458]"
"[1.222100849039644, 0.9722225969888476]"
"[1.222100252094856, 0.9722279824188703]"
"[1.2221058567958183, 0.9722288520556907]"
"[1.2221053363975405, 0.9722309387295391]"
"[1.2221081751602785, 0.9722339047384553]"
"[1.2221101542579917, 0.9722359945705411]"
"[1.222113987572617, 0.972241398397366]"
"[1.2221269235426129, 0.9722382267634112]"
"[1.222149033328725, 0.972224885038897]"
"[1.2221843802811956, 0.9722035551513604]"
"[1.2221111354964564, 0.9722520062509198]"
"[1.2221117074570202, 0.9722570619882945]"
"[1.2221169953355318, 0.9722573224285964]"
"[1.2221156509745241, 0.9722657833492871]"
"[1.2221185060138278, 0.9722714056296022]"
"[1.2221215160168204, 0.9722745184026882]"
"[1.2221277448911436, 0.9722779655507853]"
"[1.2221277737944798, 0.9722847286530569]"
"[1.22212632044067, 0.9722889892303336]"
"[1.2221343857789986, 0.9722893932647754]"
"[1.2221291282949491, 0.9722991865362235]"
"[1.2221366705601386, 0.972299862839005]"
"[1.2221319216012554, 0.9723050262442504]"
"[1.2221267148860164, 0.9723134511699667]"
"[1.2221342616836237, 0.9723119992810697]"
"[1.2221429915572044, 0.9723089556269122]"
"[1.2221425683658755, 0.9723141049415375]"
"[1.222147699612531, 0.9723161754187055]"
"[1.2221413738944389, 0.9723258501791386]"
"[1.2221506948093745, 0.9723226902433182]"
"[1.2221473691278653, 0.9723296717967327]"
"[1.2221503580211746, 0.972325940889522]"
"[1.2221560859909448, 0.972327001722692]"
"[1.2221589098406707, 0.9723304047649011]"
"[1.2222071818388232, 0.9731885321678229]"
"[1.2227152645410146, 0.9876286439893197]"
"[1.2233922254107015, 1.0065259763201515]"
"[1.2239159149786396, 1.0261567657532376]"
"[1.2244189804746242, 1.0456414625433332]"
"[1.2250317812995344, 1.0652427177461379]"
"[1.225746630509191, 1.084978207217493]"
"[1.2262731469353476, 1.1046270212473248]"
"[1.2268066965928217, 1.1242410641938088]"
"[1.2274425378271656, 1.1438726585936647]"
"[1.2280617820174113, 1.1635676042902205]"
"[1.2285905442581024, 1.1831095910395335]"
"[1.229169812755451, 1.2027058850763597]"
"[1.2298352052706363, 1.222310599889053]"
"[1.2303636789758217, 1.2419524381233713]"
"[1.230868648034686, 1.2613961023767317]"
"[1.231482061746666, 1.28094716733385]"
"[1.2321984116617886, 1.3006314296127128]"
"[1.232686553083232, 1.3201562605633783]"
"[1.2332120627438685, 1.3396432847946016]"
"[1.2338290993983616, 1.3592111680606744]"
"[1.2344077173681522, 1.3788357908770552]"
"[1.2348955965521018, 1.398292442540658]"
"[1.235497064933308, 1.4177934306344804]"
"[1.236163170269785, 1.4373770344073578]"
"[1.2366627338593077, 1.4569813962529476]"
"[1.2371841678624302, 1.4764411951817866]"
"[1.2377679072314134, 1.4959219959371965]"
"[1.2384316542907448, 1.5155662429046344]"
"[1.23893303853515, 1.5350197012184994]"
"[1.239494867156147, 1.5544442484654375]"
"[1.240110226648728, 1.573968014222861]"
"[1.24066591426379, 1.5935915855915326]"
"[1.24116678790899, 1.6129938574768348]"
"[1.2417453224347719, 1.632489509156987]"
"[1.2424290946679233, 1.6519933800566164]"
"[1.2428934598897852, 1.6715590731215006]"
"[1.2434291103709583, 1.6910492500680832]"
"[1.244024252549606, 1.7105855945344917]"
"[1.2446605937434845, 1.7302503851208493]"
"[1.2451869619319305, 1.7497640975948643]"
"[1.2457150883397508, 1.769288638273336]"
"[1.2463434392443662, 1.7888611884238752]"
"[1.2468841109670261, 1.8085397666759544]"
"[1.247448286149195, 1.827981360177663]"
"[1.248030956152246, 1.847552973764403]"
"[1.2487110724489356, 1.8672487615682851]"
"[1.2492109398740028, 1.8868057373559541]"
"[1.2496947231298625, 1.9048047863861484]"
"[1.2503462069387135, 1.9258007283600826]"
"[1.2509636398346684, 1.9455820601622873]"
"[1.2514804255583996, 1.9651966419104434]"
"[1.2520637779714294, 1.9848309817339258]"
"[1.2526959300306506, 2.004536639905704]"
"[1.253212660630763, 2.0242794074611954]"
"[1.2536877549099048, 2.042161623624675]"
"[1.2543099238184527, 2.0615926345666873]"
"[1.2548562669303873, 2.0780284585674695]"
"[1.2553873543872247, 2.0990519985606655]"
"[1.2559358462961452, 2.1187046159876792]"
"[1.2565092422075852, 2.138358603629242]"
"[1.2571507096507657, 2.158108716055414]"
"[1.2576536487594971, 2.1777364898554565]"
"[1.2581990109772996, 2.1973896118578695]"
"[1.2588393273946408, 2.217068209530715]"
"[1.2593318404518463, 2.2368772073186376]"
"[1.2598560250287798, 2.256367414143772]"
"[1.2604740565931982, 2.2760691640304835]"
"[1.2611583042156271, 2.2957968232865555]"
"[1.261637200809166, 2.3154635992184174]"
"[1.262164241594628, 2.335064037534911]"
"[1.2627504592057712, 2.354802405929543]"
"[1.2633550940734197, 2.374364205490086]"
"[1.2638928000208727, 2.393959523082112]"
"[1.2644319621705487, 2.4135698020559353]"
"[1.2650846308415422, 2.43297734956347]"
"[1.265492323144844, 2.451001331581693]"
"[1.26592662890082, 2.466827157616826]"
"[1.26624014955232, 2.4816960665854446]"
"[1.2667498545219193, 2.496073380857482]"
"[1.2670800660571038, 2.5107510812557736]"
"[1.267442879219885, 2.5260670583359053]"
"[1.267773230746539, 2.540916175689194]"
"[1.267993875801861, 2.5498314448399984]"
"[1.2676865576159169, 2.553516906847505]"
"[1.2677707466666923, 2.562158489380488]"
"[1.268317811408378, 2.5786285853334805]"
"[1.2688221287618089, 2.597568702664681]"
"[1.2694078837331848, 2.6179572546091556]"
"[1.2699169298335347, 2.639175355657202]"
"[1.270660110101482, 2.6620842893045347]"
"[1.2713019367413316, 2.684565821114972]"
"[1.2718728754484525, 2.7063253604668387]"
"[1.2724837487680087, 2.7284853392751085]"
"[1.2729910327095597, 2.752484465183883]"
"[1.273556763892967, 2.7777796253533116]"
"[1.2739726121912132, 2.8030318394833165]"
"[1.2745298125241444, 2.8279797566272133]"
"[1.275088410966436, 2.8535523770058564]"
"[1.2752793364983803, 2.879039520392597]"
"[1.2756831770208534, 2.9077293245428963]"
"[1.2763070060626527, 2.936806752059607]"
"[1.2765184555824183, 2.9649431360919114]"
"[1.2770310368814286, 2.9923384042432413]"
"[1.2773726549587185, 3.0215620801891374]"
"[1.277754770772152, 3.0506848214827804]"
"[1.2782293360432218, 3.080205598095928]"
"[1.2786592716758975, 3.109177143477477]"
"[1.278769220250724, 3.1376773772075377]"
"[1.279004668498085, 3.1654666016935904]"
"[1.2792542399841176, 3.194065674783689]"
"[1.2791581868605644, 3.2230374509178827]"
"[1.2792468276606355, 3.2516284574548804]"
"[1.2793364881630693, 3.2806760047729027]"
"[1.2792104510043842, 3.309510276394178]"
"[1.2791750915335447, 3.3372174690246497]"
"[1.2790560647640323, 3.36508868331964]"
"[1.2790375147574569, 3.393298901875091]"
"[1.2788417516471002, 3.420836418132596]"
"[1.2786246153621783, 3.4476303596306397]"
"[1.2785538603701332, 3.474888006300428]"
"[1.2782599551112515, 3.501900003865692]"
"[1.2779357433497136, 3.528712786566796]"
"[1.2776780802641066, 3.5550391339970693]"
"[1.277367261480823, 3.581220457137303]"
"[1.2769802616793522, 3.6089595022191587]"
"[1.276499281832035, 3.6381180072730057]"
"[1.276029748297726, 3.6669411585473166]"
"[1.2755635290688803, 3.6960390130231393]"
"[1.2747628700512579, 3.7250508078664692]"
"[1.274195036767164, 3.7530368729332197]"
"[1.2734928144290383, 3.781272196340586]"
"[1.2728671895159334, 3.810542246222883]"
"[1.2720620661733713, 3.837352663029823]"
"[1.2712749707997464, 3.8665115095770726]"
"[1.2705749682856757, 3.895164350195926]"
"[1.269768040008586, 3.9243189486831307]"
"[1.2695627378096397, 3.9558522877123456]"
"[1.2686419649266834, 3.983000394442914]"
"[1.2677602386200206, 4.0125894164357865]"
"[1.2666862686656464, 4.0419421415048795]"
"[1.2659911636244479, 4.071599835569589]"
"[1.2653034541338695, 4.099479939036052]"
"[1.264594123317682, 4.126356186228383]"
"[1.2638501524661783, 4.15502234661552]"
"[1.263083682918141, 4.183278595486077]"
"[1.2622723670115668, 4.212296072606684]"
"[1.261701775470879, 4.241648194382151]"
"[1.261005339891476, 4.270911026860148]"
"[1.2602484193480872, 4.299971453653858]"
"[1.2594314091716978, 4.328661362602849]"
"[1.2586902428576614, 4.354401206819512]"
"[1.2579797872602088, 4.386131654364659]"
"[1.2572002502394746, 4.415239261504805]"
"[1.2564735847785313, 4.443090691726813]"
"[1.255875791805242, 4.4709970379659]"
"[1.2551850282697823, 4.49841955429288]"
"[1.2543199290508404, 4.526479133652509]"
"[1.2536265751419413, 4.55447657325362]"
"[1.252558627019559, 4.583722884313614]"
"[1.2518998940438135, 4.612023673715797]"
"[1.2512549044334464, 4.639932811389824]"
"[1.2501772872992114, 4.668387551258817]"
"[1.2495744779396274, 4.696924680732493]"
"[1.2486296034803124, 4.725526361011479]"
"[1.247603402672095, 4.754464766439509]"
"[1.2466892333467954, 4.783578652185966]"
"[1.2456613962359397, 4.812338956008219]"
"[1.2446281524869338, 4.8401416039475205]"
"[1.2435480612582337, 4.867816372815077]"
"[1.2423641983450537, 4.8952485659567495]"
"[1.2411303439505175, 4.922630253537011]"
"[1.2399662737288755, 4.950683412585097]"
"[1.2384987648725625, 4.978902324386602]"
"[1.237265250658235, 5.006874073449086]"
"[1.2356731090947393, 5.034268337419243]"
"[1.2342546181991463, 5.060270881102338]"
"[1.2327974376566946, 5.087457710601762]"
"[1.2313616497662188, 5.115918967642285]"
"[1.2296601643127962, 5.144436406288914]"
"[1.2278693248136332, 5.172058673387566]"
"[1.2261875142867544, 5.199333942266555]"
"[1.2245543612155978, 5.226410672151623]"
"[1.222753239859119, 5.253212741054787]"
"[1.2210450166049163, 5.27885140789262]"
"[1.2192376006686434, 5.304627893344816]"
"[1.2175082997710673, 5.330689374128643]"
"[1.2157339843933528, 5.3566497346155515]"
"[1.2138620144633518, 5.3842279222019505]"
"[1.211847862133595, 5.412872785298993]"
"[1.2098468859957565, 5.441181929115773]"
"[1.2077720774724183, 5.470376105067903]"
"[1.2056996454881077, 5.499620369977378]"
"[1.2037701256965063, 5.527951018618059]"
"[1.2015296620426275, 5.555173993224509]"
"[1.199636632796943, 5.581539945993791]"
"[1.1973861610200947, 5.607896271456182]"
"[1.1952833374958374, 5.634821469321307]"
"[1.193098048802226, 5.661305355933867]"
"[1.1910476082671946, 5.687536819659214]"
"[1.188787579286676, 5.714061136626601]"
"[1.1864340988486293, 5.7418239554875]"
"[1.1840915210740477, 5.769467419014819]"
"[1.1815531098052112, 5.797887104549568]"
"[1.1795320192449303, 5.822366432755218]"
"[1.177027036725055, 5.849688077040811]"
"[1.1745220790171595, 5.8785396482079895]"
"[1.171834302641621, 5.908444751558687]"
"[1.1692515311445209, 5.938412785657972]"
"[1.1666287609522419, 5.967112880555394]"
"[1.1643850008318695, 5.994324721101298]"
"[1.1618552161679883, 6.02240711858432]"
"[1.1595355787022803, 6.050823827995372]"
"[1.1570321143742877, 6.080072679584096]"
"[1.1546107349998977, 6.108746255826763]"
"[1.1521479933779806, 6.13773818188055]"
"[1.1496131412619734, 6.166954197396634]"
"[1.147077387685215, 6.195986131797987]"
"[1.1445080225194295, 6.225199897549679]"
"[1.14186095871307, 6.254207350640282]"
"[1.1393503643819014, 6.283279847575154]"
"[1.136622334600952, 6.312267213347915]"
"[1.1342121455302736, 6.341472337916375]"
"[1.1315445719405455, 6.370744482709365]"
"[1.1288452130485902, 6.3993306869150475]"
"[1.1262766143406138, 6.428235207455492]"
"[1.1235463832136328, 6.457103045851443]"
"[1.1210047796134412, 6.486304529289945]"
"[1.1183643515208046, 6.515616580175093]"
"[1.115864450716269, 6.544644823459143]"
"[1.1133269022820778, 6.5738842374178175]"
"[1.1106445406545564, 6.60300544364567]"
"[1.108120138474657, 6.631762496199659]"
"[1.1055452027662716, 6.660280605967876]"
"[1.1029220694821606, 6.68934212012009]"
"[1.1003793649332312, 6.717082335941577]"
"[1.0978350367949468, 6.74488019067262]"
"[1.0952109028172015, 6.7734412679764135]"
"[1.0925475559586448, 6.802444073323691]"
"[1.0899580583011077, 6.829909965866521]"
"[1.0871641252447843, 6.85849508117435]"
"[1.0845164713835824, 6.886308997278713]"
"[1.0819741463051693, 6.913759863779415]"
"[1.0792403848604188, 6.941864259843329]"
"[1.0764335449779168, 6.970288730179909]"
"[1.0737339708254994, 6.998790321062003]"
"[1.070930087279143, 7.027969250502258]"
"[1.0682460837345567, 7.0574533840381175]"
"[1.0653836870868891, 7.086851393863383]"
"[1.0627683409425397, 7.116022444579614]"
"[1.0602455980713252, 7.145645124680856]"
"[1.05756872059753, 7.175209104109873]"
"[1.0549773036587609, 7.2045247168569135]"
"[1.0522608993812264, 7.234564067070374]"
"[1.049649782030447, 7.264126019420297]"
"[1.0470399608078622, 7.294082215932901]"
"[1.0446339701374818, 7.323912228371323]"
"[1.0421851855792181, 7.353221535513471]"
"[1.0399362958022977, 7.3823914666104145]"
"[1.0377223217540807, 7.411501581479789]"
"[1.0355195154677186, 7.440673554063322]"
"[1.0331688576480977, 7.469630574934033]"
"[1.0310078523826929, 7.497858090702761]"
"[1.028772767738029, 7.526927377453777]"
"[1.0264755613996674, 7.556143538965226]"
"[1.0243207196658013, 7.5854916747010375]"
"[1.0219393727575865, 7.615452366636138]"
"[1.0198638114070346, 7.64402024122847]"
"[1.0176026608215742, 7.673004991312309]"
"[1.0153983768339285, 7.701646105980797]"
"[1.0132191322365405, 7.73073401135298]"
"[1.010886788495317, 7.759633793877757]"
"[1.0087429528411211, 7.788330550671333]"
"[1.0065571980986128, 7.817532878904406]"
"[1.0045347178319024, 7.846598964318484]"
"[1.0021529815215366, 7.875620954531213]"
"[1.0003044939665673, 7.9040136737599855]"
"[0.9983567160773984, 7.932333102129738]"
"[0.9964552602664258, 7.960977093144586]"
"[0.994339094379572, 7.9900091233324435]"
"[0.9924334414318161, 8.018782591315206]"
"[0.9904216572242905, 8.04744599722651]"
"[0.9882273926327109, 8.076618020278127]"
"[0.9862305724212655, 8.106048884545968]"
"[0.9840961380949459, 8.135446109867233]"
"[0.982293510452803, 8.164613680704932]"
"[0.980316390949348, 8.194280315177789]"
"[0.9782583964310851, 8.222867565950802]"
"[0.9764495230220641, 8.2504054650271]"
"[0.9744234286560272, 8.278915380027774]"
"[0.9724757078452078, 8.307804584577697]"
"[0.9703516565243169, 8.336869285968515]"
"[0.9682848021786292, 8.366292549273648]"
"[0.9663656824546782, 8.395417724886963]"
"[0.9643746248748104, 8.424656765788766]"
"[0.9624654269562744, 8.453627624566938]"
"[0.9605264758275376, 8.482792327952891]"
"[0.9584838185658442, 8.511665494360832]"
"[0.9565396704355539, 8.540783684729426]"
"[0.9545387847029011, 8.570107594164911]"
"[0.9525846089160241, 8.599351265095104]"
"[0.9506849399446169, 8.628513756789019]"
"[0.9486516661501002, 8.657860299296994]"
"[0.9466490824934289, 8.68735314314276]"
"[0.9446078220498557, 8.716608731226843]"
"[0.9425370700056597, 8.745678458612023]"
"[0.9405960693468769, 8.774845880784019]"
"[0.9386873923573112, 8.804153733257888]"
"[0.9366583744362659, 8.833386290630214]"
"[0.9347138991923714, 8.862715191793292]"
"[0.9327196647114538, 8.892112402394684]"
"[0.930706114983551, 8.9212077972888]"
"[0.9288667450120721, 8.950462159470932]"
"[0.9268425782190853, 8.979453840730132]"
"[0.9253583913797592, 9.007694377563542]"
"[0.923680906523229, 9.036503836466682]"
"[0.9218182732067369, 9.065393992530629]"
"[0.920147630163895, 9.093867731353146]"
"[0.9183862304362767, 9.12217895907927]"
"[0.9167518026780113, 9.150457105248156]"
"[0.9151891791690314, 9.179346901688875]"
"[0.9134902665934583, 9.2082879073838]"
"[0.9117004823521686, 9.237110621646366]"
"[0.9100817317743476, 9.266123390064928]"
"[0.9082639412379291, 9.295244769133516]"
"[0.9067136580326932, 9.323919383167041]"
"[0.9051077406500359, 9.353063411232986]"
"[0.9035000748180262, 9.38185039648913]"
"[0.9016953846664688, 9.410904793304757]"
"[0.900357621411239, 9.439866705055868]"
"[0.8989299656109729, 9.468907743824516]"
"[0.8974460330961415, 9.498171435902849]"
"[0.8961432243726242, 9.526944348348799]"
"[0.8946396936189965, 9.556202191226363]"
"[0.8932087409343061, 9.585055943863887]"
"[0.8919125789813768, 9.61427299303959]"
"[0.8906515768181898, 9.643499784082833]"
"[0.8893490718075221, 9.672836553839447]"
"[0.8882401206271379, 9.70176960959057]"
"[0.8871514895280717, 9.731383285788528]"
"[0.8860865404035004, 9.760750693123462]"
"[0.88525794311803, 9.790517452905156]"
"[0.8843246262573602, 9.820236371536001]"
"[0.8834320284462599, 9.850100314392167]"
"[0.882564417643918, 9.879061784290444]"
"[0.8818555801169711, 9.908199984087641]"
"[0.8811780786896021, 9.936626955948968]"
"[0.8805868394683828, 9.964424644582039]"
"[0.8798535396074596, 9.993261028207419]"
"[0.8794140511510882, 10.02010438712474]"
"[0.8787645677755036, 10.049247583046899]"
"[0.8781934819420864, 10.078793774877582]"
"[0.8777191877738861, 10.108125375330681]"
"[0.8772547876305987, 10.137786151869442]"
"[0.8769547995184761, 10.166691877565507]"
"[0.8765332645301288, 10.19562823552855]"
"[0.8762373054423623, 10.225017205559055]"
"[0.8759537113614094, 10.254838280008816]"
"[0.8757210814010661, 10.284357615035487]"
"[0.8755014584850602, 10.312925998836999]"
"[0.8754183192741917, 10.341832064251852]"
"[0.8750059425435258, 10.370938771940445]"
"[0.8749972615231664, 10.399750841733042]"
"[0.8747375940345311, 10.427879732050812]"
"[0.8748570353821764, 10.456526596258213]"
"[0.8747175160064922, 10.485773527962154]"
"[0.8747534679181043, 10.514923037898628]"
"[0.874771984740598, 10.544680715270975]"
"[0.8748521863480297, 10.574002338135376]"
"[0.875008596173828, 10.602995434748998]"
"[0.8750826014166523, 10.632124036381054]"
"[0.8751728077724336, 10.661113317113022]"
"[0.8751763829606292, 10.690566537839915]"
"[0.8754882452261368, 10.719665985264777]"
"[0.8756805268900086, 10.74898311277027]"
"[0.8758258050938853, 10.777838824673122]"
"[0.875989843742652, 10.80659577199945]"
"[0.8764454635091261, 10.835787074125765]"
"[0.8767468152029038, 10.865015744669046]"
"[0.877071801820663, 10.89462242801416]"
"[0.8775332744213091, 10.92321297080341]"
"[0.8778459434010859, 10.951399547960905]"
"[0.8781375216547425, 10.98070373425577]"
"[0.8785283016927595, 11.010020192561246]"
"[0.8788541709189577, 11.039384539283944]"
"[0.8792550309180222, 11.06874485224217]"
"[0.879638918666412, 11.098144927923862]"
"[0.8800478524651711, 11.127182721898896]"
"[0.8803758060216152, 11.156129557049795]"
"[0.8809260173824106, 11.184832953011576]"
"[0.8814072415507789, 11.213674493628403]"
"[0.8819416324296466, 11.242415083007954]"
"[0.8824253576391063, 11.271976121217024]"
"[0.88313037825551, 11.300373576614037]"
"[0.8836955561837968, 11.327753854425604]"
"[0.884381203395104, 11.356284472299654]"
"[0.8849960092978664, 11.38549144801676]"
"[0.885590231709391, 11.412475019315348]"
"[0.8861684158016175, 11.443958787711496]"
"[0.8868592631354909, 11.47281510787997]"
"[0.8875890848296524, 11.5017957517658]"
"[0.8882437979949095, 11.530786924784637]"
"[0.8889644701253179, 11.559412223062878]"
"[0.8895949688537872, 11.588525403089514]"
"[0.8905291338028298, 11.61799383812053]"
"[0.8913593685281609, 11.64750368822206]"
"[0.8922864590755686, 11.676344791658776]"
"[0.8930077102798654, 11.70494380324577]"
"[0.8938416446669921, 11.733778564629429]"
"[0.8948127010448798, 11.7624524510411]"
"[0.8954293182568707, 11.791409507301106]"
"[0.8963791283273407, 11.820904182845732]"
"[0.8971945652636126, 11.850204192924524]"
"[0.8980428392092392, 11.879819297855182]"
"[0.8987515629420451, 11.908955493590415]"
"[0.8996060385130841, 11.938299704196611]"
"[0.9003044618483875, 11.96756073027313]"
"[0.9011990640570107, 11.996550012688859]"
"[0.9019722756170713, 12.025610741767723]"
"[0.9029200827315852, 12.054162364356833]"
"[0.9036014786520395, 12.082318713745572]"
"[0.9044556562435809, 12.111025851872595]"
"[0.9052461126560271, 12.140085853151522]"
"[0.9061738852915718, 12.168964288209516]"
"[0.9069042789832327, 12.197555470825984]"
"[0.9078177869540491, 12.225858060170184]"
"[0.9087370578451087, 12.253967533423248]"
"[0.9096717410522815, 12.282738699304572]"
"[0.910664639383532, 12.311905954850737]"
"[0.9116499969952773, 12.341197607309507]"
"[0.9126366696136575, 12.37057768687795]"
"[0.9137145536076859, 12.399988111231943]"
"[0.9147965248108539, 12.429021643957604]"
"[0.9157088372436144, 12.457636052503004]"
"[0.9167217698551375, 12.485748845470438]"
"[0.9180144403510603, 12.5134424909879]"
"[0.9192166906738714, 12.54112058125658]"
"[0.9204650343852492, 12.567831412878713]"
"[0.9216895324045056, 12.594598254464623]"
"[0.9231836061654229, 12.621446730806467]"
"[0.924516427527379, 12.648408709878327]"
"[0.9260387441416009, 12.6747767905004]"
"[0.9274673978783798, 12.701600374377986]"
"[0.9290634393423217, 12.729782220236286]"
"[0.9307761294328893, 12.75822466487285]"
"[0.9323550827829091, 12.786124882755255]"
"[0.9341600944313135, 12.81477407610019]"
"[0.9358421675368928, 12.843359359255345]"
"[0.9377079186287145, 12.872381274704855]"
"[0.9396451146245256, 12.901788255743162]"
"[0.9413920228696266, 12.93085359313677]"
"[0.9433530550564745, 12.960155432681422]"
"[0.9453458158701858, 12.989563585623372]"
"[0.9473404614959017, 13.018931835936586]"
"[0.9494215525004696, 13.048691102163287]"
"[0.9511851623422565, 13.077599063850053]"
"[0.9532037255842033, 13.106671720516538]"
"[0.9553745547413593, 13.135867207804056]"
"[0.9573486861125421, 13.164412030661072]"
"[0.9594085672191012, 13.193531207484806]"
"[0.9615005710629899, 13.223002207189953]"
"[0.9634518576053857, 13.251046581942672]"
"[0.9656150901338569, 13.281521161200205]"
"[0.9680408216742452, 13.312158844832886]"
"[0.9702088683905151, 13.341140845186821]"
"[0.9726130216114608, 13.369679679346307]"
"[0.9749742069876999, 13.398633929009465]"
"[0.9774083030732483, 13.427523711699195]"
"[0.9798854810117277, 13.456433819488545]"
"[0.9821002673785226, 13.485507453969255]"
"[0.9843775410457813, 13.51338248081895]"
"[0.986696132482684, 13.542300100766232]"
"[0.9891149341315857, 13.571467565185172]"
"[0.9914696603495364, 13.600563301018676]"
"[0.9937768279788354, 13.629771673618944]"
"[0.9960927664743499, 13.658287900603641]"
"[0.9982239500467169, 13.687198737828572]"
"[1.000505242662466, 13.716359446954952]"
"[1.002824646249044, 13.745518242651421]"
"[1.0051040162766305, 13.77495182511447]"
"[1.0074942098810296, 13.804328532886823]"
"[1.0096940222191135, 13.832861199572138]"
"[1.0119722246074692, 13.86009392097834]"
"[1.014134361524196, 13.88667814617606]"
"[1.016279103813717, 13.913891302976653]"
"[1.0185857676207057, 13.9424868277064]"
"[1.020944174272352, 13.971774744029997]"
"[1.0234003340600923, 14.00087651338004]"
"[1.025647069234451, 14.03003209576413]"
"[1.0279355252811393, 14.058879505009998]"
"[1.0303550168746014, 14.087739999871362]"
"[1.0326310144494868, 14.116115316829681]"
"[1.0350961295364556, 14.145092640208942]"
"[1.0375128512362286, 14.174371611253322]"
"[1.0399166865030764, 14.202898720931886]"
"[1.0423664201295495, 14.231895386450972]"
"[1.0447008736068841, 14.261300871940406]"
"[1.0471521275654123, 14.290314057350475]"
"[1.0492112678125964, 14.319214440132448]"
"[1.0515709419046944, 14.348420507848386]"
"[1.0538235532649347, 14.377651093483319]"
"[1.0560686165167128, 14.406816456208794]"
"[1.0585408090444715, 14.43628991230042]"
"[1.0608809860163262, 14.465660083891686]"
"[1.0633945814440962, 14.495021618152295]"
"[1.065776549564368, 14.524494229276709]"
"[1.0682463085713907, 14.553027106007825]"
"[1.0705580212236436, 14.581991745292973]"
"[1.0728246018764618, 14.610943850981563]"
"[1.0752294789861425, 14.64024490185181]"
"[1.0776605295592747, 14.669445088140538]"
"[1.079973396291482, 14.697908009376492]"
"[1.0823319405371503, 14.726207523858376]"
"[1.0844235540308516, 14.754495926640553]"
"[1.0866777951733761, 14.782498434750071]"
"[1.0887483310544213, 14.810828652054076]"
"[1.0908917314962543, 14.839237362249843]"
"[1.0928336114463235, 14.867695917827511]"
"[1.0948602743003317, 14.894645753631101]"
"[1.096609878821232, 14.921995366315311]"
"[1.0986294722891974, 14.950679779091061]"
"[1.100658754041273, 14.979664763969328]"
"[1.1028817996727178, 15.00883051872941]"
"[1.1050121570500544, 15.03805977796894]"
"[1.107236113720337, 15.067077368795072]"
"[1.10952962727942, 15.096068937226079]"
"[1.1115723923863903, 15.124946037679903]"
"[1.1137852018502514, 15.152902896238771]"
"[1.1157616646706006, 15.179799060336173]"
"[1.11739932417018, 15.207145476926723]"
"[1.119620735324797, 15.234791601111054]"
"[1.1215428157973908, 15.26248447603697]"
"[1.123600447480392, 15.290182638975107]"
"[1.1256662379095348, 15.3189053483865]"
"[1.1276123679394867, 15.347878781421075]"
"[1.1297028314351096, 15.376953259841438]"
"[1.1316258330120823, 15.405523981713449]"
"[1.133737271861858, 15.433830912100772]"
"[1.135694367957605, 15.46310707638259]"
"[1.1372908264510342, 15.492263888953692]"
"[1.1392100093372632, 15.521345787447999]"
"[1.1409762981051068, 15.550003435971254]"
"[1.142892784132776, 15.577619763047789]"
"[1.1447891376676562, 15.606296575157625]"
"[1.1466348759339857, 15.635636026462926]"
"[1.1487357423333064, 15.664949967887114]"
"[1.150737909652592, 15.694452305562171]"
"[1.1527656458644937, 15.72363211052805]"
"[1.1545135876969372, 15.751361604785535]"
"[1.1562094990042644, 15.778690943671876]"
"[1.1579806544771996, 15.806482539251116]"
"[1.1597538863495984, 15.83515924008943]"
"[1.161725718611946, 15.864146124929501]"
"[1.1637298773933709, 15.893487044706351]"
"[1.1656023466352943, 15.922872959576004]"
"[1.1676250010637255, 15.952000965566638]"
"[1.1695515606988234, 15.981321015564955]"
"[1.1716407497306252, 16.01062767543459]"
"[1.173530202607105, 16.03954870041289]"
"[1.1754373622492038, 16.068345436604925]"
"[1.1772648711188964, 16.095828734418944]"
"[1.1792356560531776, 16.12457491043134]"
"[1.181286733005614, 16.153766859390476]"
"[1.1831414951231467, 16.182841364832676]"
"[1.1851600124766546, 16.211687145202994]"
"[1.1870673770530586, 16.240752667953828]"
"[1.1890303367823545, 16.2701046668278]"
"[1.1911229114469442, 16.299361733213928]"
"[1.1931225514790083, 16.328412401825044]"
"[1.195276832841183, 16.357476219267888]"
"[1.1970919553881065, 16.38607081419109]"
"[1.1991272181555455, 16.415493182987476]"
"[1.201053449873082, 16.445111559651384]"
"[1.2029598549471525, 16.473702235270867]"
"[1.2048807448589862, 16.500194382345942]"
"[1.2063309589856848, 16.525704357558162]"
"[1.2077325355186288, 16.54965797240645]"
"[1.2091579499373937, 16.572153294148624]"
"[1.2109176252982055, 16.599511879063364]"
"[1.2126286073825796, 16.630273394071214]"
"[1.214307067623095, 16.65759797413313]"
"[1.2158613245888852, 16.68626257172976]"
"[1.217460902893368, 16.71490176755531]"
"[1.2188814238241559, 16.743117840192948]"
"[1.2205283856967166, 16.771741056505153]"
"[1.2219216214386532, 16.800160264118645]"
"[1.223334891407437, 16.826614139722025]"
"[1.2247030085617183, 16.85320345756368]"
"[1.2260595095374331, 16.881568625067203]"
"[1.227377643996178, 16.910384296864358]"
"[1.228649952531998, 16.938341563878485]"
"[1.2298176721906644, 16.96663778605831]"
"[1.2309743720246387, 16.99592808789245]"
"[1.2322896917856432, 17.025108168210934]"
"[1.2334459880229975, 17.053886448244644]"
"[1.234709699543281, 17.08307078656227]"
"[1.2357495091948814, 17.111778092055804]"
"[1.2369987923946415, 17.14133587463724]"
"[1.2382005912469873, 17.170893541966738]"
"[1.239274326076221, 17.199989098572008]"
"[1.2404177059331036, 17.22912515517103]"
"[1.2414068961109084, 17.25782389287777]"
"[1.2423474524292142, 17.286930265555302]"
"[1.2433142669950414, 17.315937839555325]"
"[1.2443766557010112, 17.34493282055926]"
"[1.2451985166006485, 17.373514415097777]"
"[1.2462863968122098, 17.402277049226925]"
"[1.2470176807482876, 17.431259401635753]"
"[1.247823291767099, 17.46037679002455]"
"[1.2483938826676535, 17.48873753635532]"
"[1.249066964741284, 17.517931962088443]"
"[1.249806678154406, 17.54740648363595]"
"[1.2504951812613805, 17.57684672969212]"
"[1.251217236833886, 17.605843098887153]"
"[1.2518579560524752, 17.6347026459848]"
"[1.252644794219694, 17.663195719208073]"
"[1.2531485484733025, 17.691793410026538]"
"[1.2537083764970611, 17.719005451494365]"
"[1.2541459319791424, 17.746221521979958]"
"[1.254719784013956, 17.774405771503886]"
"[1.2552741447789808, 17.802351983941318]"
"[1.2555971466094846, 17.830305822743867]"
"[1.255844003462602, 17.858875050194374]"
"[1.2562327773628392, 17.88743067610324]"
"[1.2565854572895152, 17.91581311677724]"
"[1.2567496397279876, 17.943392064746966]"
"[1.2569380450884076, 17.971056834818253]"
"[1.2570003687140754, 17.998626157015178]"
"[1.2571702048261846, 18.026062332895084]"
"[1.257393351585714, 18.053046678717187]"
"[1.2572766164397993, 18.08069900006949]"
"[1.2574174273266925, 18.1081923438686]"
"[1.2573920378469836, 18.13703846831013]"
"[1.257357507628569, 18.165741356124514]"
"[1.2574969681272081, 18.193845540166436]"
"[1.257382511519372, 18.221320703796806]"
"[1.2574285356014394, 18.249526019260323]"
"[1.2572740762115586, 18.2782544571232]"
"[1.257244066078573, 18.307607446291502]"
"[1.2570153713330796, 18.336966868905343]"
"[1.257013579091505, 18.365435579157868]"
"[1.256582889667013, 18.393715093509613]"
"[1.2562222520490234, 18.421249899063312]"
"[1.2558196174758869, 18.45005528373097]"
"[1.255413857515838, 18.47864758751097]"
"[1.2550149935991948, 18.507431849694658]"
"[1.2543623002398894, 18.535738091062953]"
"[1.2538043436408637, 18.563192418475133]"
"[1.2533057583010396, 18.59033459496332]"
"[1.2524495206742183, 18.618687469930375]"
"[1.2518632938413112, 18.647192062910207]"
"[1.2511625061811007, 18.674979191882223]"
"[1.250356299978559, 18.701847901308803]"
"[1.2497313981424922, 18.728227725473445]"
"[1.2490287484212401, 18.754955261802603]"
"[1.2481875806737004, 18.783463943892677]"
"[1.247252314134646, 18.812770211450534]"
"[1.2463063015854643, 18.84214694148575]"
"[1.245367764282039, 18.870762954038]"
"[1.2442973312273309, 18.89971603352732]"
"[1.2432288828072988, 18.92882750223057]"
"[1.2421915378197936, 18.957588203916213]"
"[1.2410346787849196, 18.986248504567946]"
"[1.2398062036048378, 19.01494545916408]"
"[1.2386497317611844, 19.04311883991845]"
"[1.2374219999445661, 19.07145384398516]"
"[1.2361237423227576, 19.10062345813404]"
"[1.234997036603267, 19.129880515551523]"
"[1.2338019289927056, 19.159062750705576]"
"[1.232597235878625, 19.188430643884285]"
"[1.2313546938213402, 19.217790747211307]"
"[1.2301398794724954, 19.24720080469569]"
"[1.2288828044387572, 19.276173940237893]"
"[1.227550442016816, 19.305323503060947]"
"[1.2262351807269058, 19.334241074862764]"
"[1.2249888384714824, 19.363098897762594]"
"[1.2234795355711792, 19.392054640824625]"
"[1.2221997973665333, 19.420989277849255]"
"[1.2210166053915068, 19.44864697752047]"
"[1.21977636886662, 19.476949671385547]"
"[1.2186269575360045, 19.504963437665296]"
"[1.217475661873558, 19.533604363369687]"
"[1.2163780014166687, 19.56196248051698]"
"[1.2154644422135537, 19.590654389728336]"
"[1.2140598130757199, 19.61944078919858]"
"[1.212952787618871, 19.648046277914506]"
"[1.2117427788974535, 19.67720487019921]"
"[1.2106125213420482, 19.70536535391681]"
"[1.2095217218690835, 19.734190271660438]"
"[1.2082604822943213, 19.763168898640988]"
"[1.2072148961391829, 19.792299021931274]"
"[1.2061014212472423, 19.818579554507437]"
"[1.2049676101410405, 19.846373255146233]"
"[1.204013813527588, 19.87208893567873]"
"[1.2026623739611089, 19.900840292314587]"
"[1.2015968029459898, 19.929524616028758]"
"[1.2004120233948967, 19.95926807224777]"
"[1.199246509253434, 19.988033125136017]"
"[1.1981656878558102, 20.016973750236183]"
"[1.1971777408410196, 20.046246402216873]"
"[1.1960562784967446, 20.07492024458317]"
"[1.195196497590395, 20.10248041841655]"
"[1.194056080015247, 20.129669106810592]"
"[1.1929123989809987, 20.157861340294243]"
"[1.191820770101571, 20.186220865561708]"
"[1.190764302608723, 20.213863388638735]"
"[1.189797381742959, 20.23918874635272]"
"[1.1886575558052699, 20.263917293947088]"
"[1.1874933271464367, 20.290653453333785]"
"[1.1861481496774966, 20.318638035286636]"
"[1.1847893262142244, 20.347063265905607]"
"[1.1834860687702244, 20.375548875812196]"
"[1.1819602887709113, 20.404583802157184]"
"[1.1808045358288117, 20.432878606554645]"
"[1.1795374032184565, 20.460351906880575]"
"[1.1781895837405996, 20.488528011397182]"
"[1.1768948496433589, 20.517349330695634]"
"[1.175421040380428, 20.546368343394278]"
"[1.1740435752541436, 20.575544728386784]"
"[1.1725400800145394, 20.604574007102222]"
"[1.1710018794005763, 20.633809502047892]"
"[1.1692379036328877, 20.6630454878392]"
"[1.1678045590932573, 20.692312324838962]"
"[1.1660895081105012, 20.72144668620473]"
"[1.1644174858969127, 20.74982495530247]"
"[1.162890815981779, 20.778520127592746]"
"[1.1611151270477842, 20.80762717384102]"
"[1.1595766958022706, 20.836072238233747]"
"[1.157776950966323, 20.863916510607428]"
"[1.1560502742006016, 20.892454519229606]"
"[1.154176484908518, 20.92111206399759]"
"[1.1523851453992238, 20.9502407598306]"
"[1.1503534544612346, 20.97972538388605]"
"[1.1485402360586403, 21.008504911329236]"
"[1.146598914719722, 21.037886445700117]"
"[1.1448250141098475, 21.068156450169667]"
"[1.1428786349656204, 21.098197340114453]"
"[1.1408807199146378, 21.127571053932883]"
"[1.1389593205346473, 21.156276345429337]"
"[1.1368142976060922, 21.183699276232794]"
"[1.134882251131493, 21.209739047094978]"
"[1.1327838184035148, 21.23596435028409]"
"[1.130741230091636, 21.262398914886937]"
"[1.1285165609906056, 21.289699635738373]"
"[1.1263811537969555, 21.316980621522845]"
"[1.1239296803125682, 21.34411700748127]"
"[1.121715001668582, 21.371021586443213]"
"[1.1196085413960775, 21.396835135965418]"
"[1.1174106758087885, 21.422708922818803]"
"[1.1147274293560872, 21.45097154522339]"
"[1.1121303542110235, 21.48006860862426]"
"[1.1092949171076538, 21.508952307467958]"
"[1.1067743915787152, 21.536542728057363]"
"[1.1039279675733296, 21.564808466204116]"
"[1.1012866293554366, 21.593290338760738]"
"[1.0983723683370192, 21.62165999502973]"
"[1.0954731448529371, 21.650817993457057]"
"[1.0927209066579309, 21.67955440696326]"
"[1.089814720827671, 21.708428754352074]"
"[1.0869615916778883, 21.73745380213308]"
"[1.0840654998980328, 21.766378973448095]"
"[1.081023546457749, 21.79588108237096]"
"[1.0780887465723923, 21.825425214133062]"
"[1.0751490180667966, 21.855109439249798]"
"[1.0725248795360838, 21.883783146339134]"
"[1.069724394688371, 21.91251797078845]"
"[1.0668350586791715, 21.94124282364183]"
"[1.0638978464379347, 21.969388712480256]"
"[1.0610633727573324, 21.99836153550997]"
"[1.0582872501650304, 22.027377834450867]"
"[1.0553760483587522, 22.05631418005879]"
"[1.0525409534505112, 22.085718004232003]"
"[1.0495166272440914, 22.11495846249339]"
"[1.0467570898646206, 22.14400105208634]"
"[1.043937218661606, 22.173605621072547]"
"[1.041092617033657, 22.20289452464873]"
"[1.0382845066128454, 22.23208899087306]"
"[1.0353876502678596, 22.2604911222059]"
"[1.0327242887842636, 22.288561992784082]"
"[1.0302397907849803, 22.316672868522026]"
"[1.0274170125567652, 22.345087917346955]"
"[1.0246608824435184, 22.374023167748934]"
"[1.0219040195617073, 22.403183230725045]"
"[1.0191488096100576, 22.431999409080966]"
"[1.0164816205048186, 22.461081744875703]"
"[1.0137339656411286, 22.48947750320691]"
"[1.0112751904136918, 22.51565219877746]"
"[1.008673125414096, 22.543798985765406]"
"[1.0059616998665457, 22.572965876553084]"
"[1.0033304187037333, 22.600366676724718]"
"[1.000872098463777, 22.62889892938769]"
"[0.9981901095461146, 22.657477248138736]"
"[0.9956287391980068, 22.68627475361662]"
"[0.9930876584438674, 22.715780103829786]"
"[0.9905126495214068, 22.744069589942733]"
"[0.9880008985870069, 22.77295694681328]"
"[0.9855630650201492, 22.802810207276817]"
"[0.9830373123770846, 22.832433295368293]"
"[0.981203800453, 22.856446873642636]"
"[0.9788599364888873, 22.887590459756005]"
"[0.9766004946131206, 22.91703488616347]"
"[0.9743800829000211, 22.947015090010762]"
"[0.9718577080862636, 22.977062581176746]"
"[0.9698669848385352, 23.006211417415816]"
"[0.9677220135945502, 23.03621865039919]"
"[0.9657659144719083, 23.06570135748345]"
"[0.9637523711517827, 23.09501651076935]"
"[0.9618202473297027, 23.124271607613633]"
"[0.9598404856488041, 23.153545860181868]"
"[0.9579425012792772, 23.182870096343308]"
"[0.9560910328284165, 23.212620233833924]"
"[0.9541941600694293, 23.24267752246339]"
"[0.9523579328012104, 23.272247631330018]"
"[0.9506683656908713, 23.301625027843205]"
"[0.9490630716887312, 23.33024873180086]"
"[0.9472558920611106, 23.35896151027323]"
"[0.9454285753022893, 23.388512549979875]"
"[0.9437164312331578, 23.417867655986896]"
"[0.941748495489026, 23.446940730095587]"
"[0.9399356904858645, 23.475708785542295]"
"[0.9382692591087012, 23.503211286762934]"
"[0.9366310817372113, 23.530835668149155]"
"[0.9349557421260785, 23.5572329279557]"
"[0.9333736446915556, 23.58607814661482]"
"[0.9313166148960765, 23.614439765099]"
"[0.9295682138934168, 23.64179238096045]"
"[0.927605544513908, 23.670195397433737]"
"[0.9260390194042952, 23.698891150234854]"
"[0.9240887876529044, 23.727351756443806]"
"[0.9221357149046107, 23.755909723399284]"
"[0.9201955121533695, 23.78426062363796]"
"[0.9182708217628379, 23.813265693669877]"
"[0.9165442866593015, 23.8421661109691]"
"[0.9147566037818377, 23.871165901581268]"
"[0.9131398669890716, 23.90082071956621]"
"[0.911281213232085, 23.930564285428648]"
"[0.9097240878784528, 23.95956765019705]"
"[0.908178262955998, 23.9885691854803]"
"[0.9065769194438429, 24.017267674851443]"
"[0.9050257799964527, 24.046480943914595]"
"[0.9035971809302976, 24.07568999120992]"
"[0.90194734113895, 24.104891931658806]"
"[0.9005929319117095, 24.133764998795908]"
"[0.8991779385653658, 24.16230583489116]"
"[0.8978787902589211, 24.190762227421608]"
"[0.8966920644280328, 24.219358456258234]"
"[0.8951998469778333, 24.2488380055959]"
"[0.8938984815113461, 24.27820915844039]"
"[0.8926548485115882, 24.307987215495363]"
"[0.8914094061796106, 24.336969581174547]"
"[0.8902208935939271, 24.366166126022364]"
"[0.8892334307004299, 24.395615694924786]"
"[0.888249959666102, 24.424934308496457]"
"[0.8871572107726593, 24.45435334044448]"
"[0.886139411592763, 24.48378228456908]"
"[0.885127934446968, 24.512814062149243]"
"[0.8842405808384258, 24.54206737938014]"
"[0.8832620934370194, 24.571085532031134]"
"[0.8823048434406063, 24.60018807922101]"
"[0.8814488158441003, 24.629438405435984]"
"[0.8806448800457513, 24.65897593064533]"
"[0.8798597789188048, 24.688416926414813]"
"[0.8791057762721634, 24.71783847939121]"
"[0.8783861910554157, 24.748037187632917]"
"[0.8775816562278024, 24.776997943096937]"
"[0.876894265086091, 24.806255949147054]"
"[0.8761758377802618, 24.835312439704094]"
"[0.8754738827120374, 24.864826831452415]"
"[0.8749357037666273, 24.89438845109891]"
"[0.8744218293099534, 24.92393591502824]"
"[0.873778922998481, 24.9528392959057]"
"[0.8733921899845799, 24.9820713639324]"
"[0.8729278933388303, 25.011736058315638]"
"[0.8724608145199758, 25.041099675795667]"
"[0.8721566666513019, 25.070659593049545]"
"[0.8717960519761301, 25.0996994658213]"
"[0.8716030500000497, 25.128681872443043]"
"[0.8715510771054442, 25.158239053454192]"
"[0.8712839402670275, 25.187489333246187]"
"[0.8711747118952596, 25.216379794975804]"
"[0.8707138893858128, 25.245459548228567]"
"[0.8703739469879562, 25.274428607889345]"
"[0.870160224720964, 25.304018842017978]"
"[0.8700112461349201, 25.333108885316218]"
"[0.8698939548282175, 25.362575687836724]"
"[0.8696784077184984, 25.391945268344408]"
"[0.8694949691299213, 25.42121977195578]"
"[0.8693390769587512, 25.450570619210204]"
"[0.8692341639201935, 25.477414871588984]"
"[0.869151853929308, 25.506317350443652]"
"[0.8691543160053463, 25.53760147000855]"
"[0.8691116619952904, 25.56716070899033]"
"[0.8689841025837657, 25.596427324189584]"
"[0.8689933920420125, 25.624475977700143]"
"[0.8688313411082584, 25.65372306976471]"
"[0.8688653179943284, 25.682834313494034]"
"[0.8688206488849217, 25.711778865069636]"
"[0.8687942285204819, 25.740692142110166]"
"[0.8686665645891121, 25.768264656427636]"
"[0.868621628444011, 25.79656980565833]"
"[0.8687011724281343, 25.82528732977835]"
"[0.8686726876519953, 25.853990803843903]"
"[0.8686788973403178, 25.88306138607472]"
"[0.8686949825212454, 25.911614335358358]"
"[0.8685842013133429, 25.940804008675116]"
"[0.8684448988958889, 25.969845389319012]"
"[0.8684672349590039, 25.998603971194306]"
"[0.8683859729752117, 26.02746099768457]"
"[0.8684028542031601, 26.05595277821894]"
"[0.8684604368704273, 26.08480575822028]"
"[0.8683793345011419, 26.113996183577186]"
"[0.8683382280148033, 26.143591558359812]"
"[0.8683147235563821, 26.17255000817086]"
"[0.8684389161352963, 26.19935502858946]"
"[0.8686590451213241, 26.230420241168037]"
"[0.868569460780669, 26.258954066009135]"
"[0.8686725557857946, 26.288715685982062]"
"[0.8690334047494306, 26.318763440170766]"
"[0.8692899702740767, 26.348070405752313]"
"[0.8696264065637903, 26.37667341120015]"
"[0.8698460818938767, 26.403908045800257]"
"[0.8702609557349203, 26.433092715929362]"
"[0.8706339206573882, 26.462859897457324]"
"[0.8712246748814947, 26.492360725517763]"
"[0.8716483155917901, 26.52205946305578]"
"[0.8722732171168265, 26.551693082010306]"
"[0.8728556200396601, 26.58169263864209]"
"[0.8734384350407414, 26.6115434935355]"
"[0.8740330829781588, 26.641154200765577]"
"[0.8747819402493474, 26.670436731898786]"
"[0.8755262488674165, 26.700074934503316]"
"[0.8761488314567887, 26.729227810077784]"
"[0.8769207972299751, 26.758070321925295]"
"[0.8774979155018976, 26.787012751791455]"
"[0.8783385072734456, 26.816064868643316]"
"[0.8790067431382274, 26.845154734271016]"
"[0.8799035193745549, 26.874963493938324]"
"[0.8807779555422305, 26.904859023992]"
"[0.8815036509319921, 26.93407068232689]"
"[0.882516085719465, 26.962602871946217]"
"[0.8833294763615599, 26.99147995952902]"
"[0.8842621484850481, 27.019244996818085]"
"[0.8852114249363127, 27.04768772515692]"
"[0.8862393902983078, 27.07674968582502]"
"[0.8871346992302768, 27.10581736718755]"
"[0.8884273494349925, 27.135170399252623]"
"[0.8893541505565246, 27.164347025924588]"
"[0.890564427680757, 27.192568125944433]"
"[0.8918534452398623, 27.221255567072987]"
"[0.8930283160254077, 27.249367766505657]"
"[0.8943284278186336, 27.277282579039237]"
"[0.8956537986080804, 27.30630480831432]"
"[0.8970455332723186, 27.335512451760955]"
"[0.8985109783807154, 27.36474052999233]"
"[0.9000603661004785, 27.394013162718007]"
"[0.9014979626345115, 27.422450716300215]"
"[0.9030202941552624, 27.450561135748767]"
"[0.9046063436894011, 27.478589708069507]"
"[0.9060818821281896, 27.507459044957557]"
"[0.9075918459927317, 27.5368906657864]"
"[0.9094176304889884, 27.566427401291385]"
"[0.9112200605184347, 27.59585728721703]"
"[0.9127593578933682, 27.624554867042136]"
"[0.9145341283636321, 27.6534599448499]"
"[0.9163218536225283, 27.682509997251568]"
"[0.9181535308553436, 27.712088200385857]"
"[0.9200777508894288, 27.74187893711244]"
"[0.9222186096868495, 27.77193084248676]"
"[0.9241813932137279, 27.801403972506396]"
"[0.926322385755524, 27.83095864525692]"
"[0.9284444070140795, 27.86017039848534]"
"[0.9306644474592168, 27.88955874778462]"
"[0.932836722082622, 27.919317871352344]"
"[0.9351122185525809, 27.94910801910106]"
"[0.9373193542326178, 27.978465003743807]"
"[0.9395883097444796, 28.00691453847622]"
"[0.9417994031613719, 28.035689779739347]"
"[0.9441285902421652, 28.06479645944958]"
"[0.9464013368162438, 28.09445371810472]"
"[0.9485844086332831, 28.123898269169498]"
"[0.9508906798601917, 28.152589080517576]"
"[0.9530186001900871, 28.180907514775733]"
"[0.9549656356531026, 28.20810147000469]"
"[0.9571843021559718, 28.23693918991176]"
"[0.959440500786712, 28.266209167654054]"
"[0.9617262999016213, 28.295710423855496]"
"[0.9635352433315761, 28.325030850787858]"
"[0.9656613493370177, 28.35315601997595]"
"[0.967790287383842, 28.380587206415598]"
"[0.969666243687435, 28.409464393710525]"
"[0.9718451658079914, 28.438565551038288]"
"[0.9739602010011971, 28.468004901915208]"
"[0.9762142523085279, 28.497015677570833]"
"[0.9784352083074549, 28.526557037669413]"
"[0.9804118153607674, 28.555822871338247]"
"[0.9824823417123412, 28.584025076614658]"
"[0.9845239819282116, 28.61216148890687]"
"[0.9865997050771255, 28.640713958616622]"
"[0.9884264215593613, 28.66802430143164]"
"[0.9903722078556956, 28.695807739560774]"
"[0.9924363051424742, 28.72377256129519]"
"[0.9944020168559998, 28.752064865399063]"
"[0.9965232298539403, 28.78150440184474]"
"[0.9985187751274315, 28.810409051225765]"
"[1.000617308809606, 28.839442358926007]"
"[1.0028340632507038, 28.868585584540735]"
"[1.0048271164487306, 28.897711529917586]"
"[1.006796475426224, 28.926125142012584]"
"[1.0087287137881935, 28.952804029574242]"
"[1.0109741721862637, 28.983720871523158]"
"[1.0130384412031517, 29.011224617295603]"
"[1.0151695491769264, 29.040678964356267]"
"[1.0174122622347053, 29.070385149645112]"
"[1.0194048555714914, 29.09689631144613]"
"[1.0215785335061531, 29.12250668051382]"
"[1.0236255728466581, 29.150764628365305]"
"[1.025767906299338, 29.18000398852188]"
"[1.0279655641880008, 29.20861450486959]"
"[1.0301341736383802, 29.237252304232683]"
"[1.0324623640483044, 29.26663901020814]"
"[1.034526955706991, 29.296204939529655]"
"[1.03651792100455, 29.32539837008046]"
"[1.0389187877559123, 29.354142052601397]"
"[1.041064816385969, 29.383169973388753]"
"[1.0433008289634702, 29.412246125944367]"
"[1.0457749922710438, 29.440853757771617]"
"[1.048013014599481, 29.468751612881075]"
"[1.0503780815680155, 29.497850675666445]"
"[1.0526563728770106, 29.526681929026367]"
"[1.0550874033983266, 29.555987393505724]"
"[1.0576561271675076, 29.58512734507179]"
"[1.0600866033386787, 29.613954589280166]"
"[1.0626326289372041, 29.643393118203356]"
"[1.0652225066613799, 29.672171881470003]"
"[1.0677421487702574, 29.70101831535183]"
"[1.0704911612282961, 29.730078984268783]"
"[1.0729995670241916, 29.7590567191148]"
"[1.075746642853393, 29.787785537547066]"
"[1.0781701641956063, 29.816159225149352]"
"[1.0806367749482917, 29.84452473156759]"
"[1.0834583180615551, 29.872822253591252]"
"[1.0857843713166366, 29.90059322444641]"
"[1.0882828229120902, 29.927827416902716]"
"[1.090740069249837, 29.955996167259947]"
"[1.0932227581848362, 29.98474400509434]"
"[1.0957970551188563, 30.012836125748176]"
"[1.0983254881816402, 30.041200644432525]"
"[1.1008028986176868, 30.069376111371117]"
"[1.1033214829977598, 30.098059643459308]"
"[1.105862142125817, 30.127616483669886]"
"[1.1081787739987716, 30.155682473341145]"
"[1.1107888160827204, 30.185814675074315]"
"[1.1130288113817113, 30.213876617448555]"
"[1.1154636746931144, 30.241664694838345]"
"[1.1178314963547955, 30.270349486728094]"
"[1.120058538966907, 30.298345039765593]"
"[1.1222588692521211, 30.324431164548713]"
"[1.1243716567135633, 30.35122368095764]"
"[1.1265145458318488, 30.379709044028637]"
"[1.1286656794146996, 30.40855754750934]"
"[1.1307036395970584, 30.437756912276562]"
"[1.1328713442768352, 30.46705519085348]"
"[1.1348995394398556, 30.49612218510485]"
"[1.1368070109206452, 30.525127807556355]"
"[1.1389198955627249, 30.554517472925514]"
"[1.1409124072082817, 30.58326290901059]"
"[1.1428524524503008, 30.61174435994855]"
"[1.1447964720885104, 30.640553612613072]"
"[1.1466449278345674, 30.669543245705135]"
"[1.1485214223250713, 30.698889298918147]"
"[1.1503876693961013, 30.728081788422713]"
"[1.1522417667054596, 30.7571365357462]"
"[1.1540483265389023, 30.78639692174094]"
"[1.1558270549398355, 30.815582158276126]"
"[1.1576888074149967, 30.844905790989785]"
"[1.1594823729619508, 30.87426593345217]"
"[1.1612680230029973, 30.903659371979295]"
"[1.1630522544954607, 30.933205728734144]"
"[1.1647337180792625, 30.962299336099733]"
"[1.166277242299747, 30.991225596752376]"
"[1.167756107134339, 31.019843463837223]"
"[1.169263237214945, 31.04738568864609]"
"[1.1706883272020072, 31.07468159911595]"
"[1.1719891460575713, 31.102724784990784]"
"[1.1735023199054186, 31.131774895763453]"
"[1.1748020845586225, 31.15996970572662]"
"[1.1762664338154931, 31.18787176657098]"
"[1.1775442368375693, 31.215925170302302]"
"[1.1788153940763104, 31.244804327499306]"
"[1.179985794474231, 31.272814401926023]"
"[1.181189315144972, 31.30081848217067]"
"[1.1822752042225741, 31.32982674148931]"
"[1.1834601086775418, 31.35698471721608]"
"[1.184562298975024, 31.386251780293602]"
"[1.1856150455436103, 31.41563652109701]"
"[1.1868638032659582, 31.444775166707824]"
"[1.1879329772095268, 31.473921295346123]"
"[1.1893584352444824, 31.50528422436951]"
"[1.1904217146948743, 31.534441781296803]"
"[1.1914455505767036, 31.558463873452354]"
"[1.1929136744875093, 31.588691048272167]"
"[1.1941815492520387, 31.61714959592809]"
"[1.1957101917918707, 31.6464612467629]"
"[1.1972972178988475, 31.6746795179982]"
"[1.1986406646711714, 31.70247631002503]"
"[1.1999276679742614, 31.730455393717957]"
"[1.201262502569578, 31.75886473666375]"
"[1.2027566828854421, 31.7876824768162]"
"[1.2040816243561703, 31.816674003292345]"
"[1.205518431116344, 31.846216909318702]"
"[1.2069493702503478, 31.875627831760386]"
"[1.208433958976186, 31.9051605199819]"
"[1.2099034993286604, 31.93451927027323]"
"[1.2112294786758602, 31.963262452278904]"
"[1.2127636661390917, 31.991494425304857]"
"[1.21432855445921, 32.02006174207954]"
"[1.215863041376542, 32.0487060214779]"
"[1.2174062666705887, 32.07758456862555]"
"[1.2188584211624232, 32.10590737213987]"
"[1.2203915950266513, 32.134397033370995]"
"[1.2217440632461127, 32.162634617130365]"
"[1.2232972167551437, 32.19151031380405]"
"[1.2246464925219656, 32.22021668707958]"
"[1.225799609943866, 32.2490737707701]"
"[1.2270319328845, 32.278424148431036]"
"[1.2282352095916989, 32.30768471493268]"
"[1.2293688654028987, 32.336557323693626]"
"[1.2305140283170726, 32.3655113384769]"
"[1.2316430635465618, 32.393832343284586]"
"[1.2326423314710417, 32.42269567945862]"
"[1.233808193555184, 32.45188058046944]"
"[1.234714499113425, 32.481075139975786]"
"[1.2358149724520855, 32.51038607214501]"
"[1.2368977075815693, 32.53975229699107]"
"[1.2378814983027693, 32.56827414153506]"
"[1.2388740894093826, 32.59723047976646]"
"[1.2397800292618268, 32.626450237346596]"
"[1.2407513252941809, 32.655728345221114]"
"[1.2418607579482297, 32.68475212105067]"
"[1.242668582008741, 32.71369821856214]"
"[1.2435323679019403, 32.74328262042652]"
"[1.244482791503923, 32.77239135062795]"
"[1.2453103423903826, 32.80110902874406]"
"[1.246248592123488, 32.83019897808106]"
"[1.2470717913798706, 32.85865661923699]"
"[1.2478577138989828, 32.885832082407916]"
"[1.2485751437406631, 32.91390003650638]"
"[1.2491868398225436, 32.941921820716104]"
"[1.2497683495141496, 32.97014778789709]"
"[1.2504487912181144, 32.99871411214549]"
"[1.2510207770045931, 33.026378673725404]"
"[1.2516048558094819, 33.054558676961825]"
"[1.2520779261670292, 33.08385535342067]"
"[1.2526842880355376, 33.11309417774894]"
"[1.2531483522631366, 33.142454925031274]"
"[1.25347472054698, 33.17163565459639]"
"[1.2538711844151094, 33.200253749412745]"
"[1.2540744958582348, 33.22864742053102]"
"[1.2544230302862818, 33.25700157512667]"
"[1.2546983909266998, 33.28615451046526]"
"[1.254886505374839, 33.31530054040603]"
"[1.255075761325214, 33.34328607133895]"
"[1.2553731540486324, 33.37052483210751]"
"[1.2554239572904098, 33.398416052748196]"
"[1.2555287870843101, 33.426030525704]"
"[1.2553778796380295, 33.45343459198467]"
"[1.255308498648449, 33.48114112371951]"
"[1.2550199554267543, 33.5088627892683]"
"[1.2547308007110114, 33.53641144081827]"
"[1.2545205729937405, 33.56402548152836]"
"[1.2540690758172444, 33.591770512388685]"
"[1.2537987968744335, 33.619746057679215]"
"[1.2533074238090003, 33.648355999843]"
"[1.2528735944168585, 33.67745548177021]"
"[1.252386482648872, 33.70639903123913]"
"[1.2519326964730735, 33.73543971677873]"
"[1.2513770814360896, 33.76438641642112]"
"[1.2508393603729275, 33.7932508660295]"
"[1.2501555149080423, 33.82166822125147]"
"[1.2496797175663528, 33.849651734644326]"
"[1.249080988638995, 33.878893990909255]"
"[1.2485414994794442, 33.90774168270853]"
"[1.2479576696628703, 33.93566305512843]"
"[1.247380408596855, 33.96053871507299]"
"[1.2468169463681575, 33.99000707024856]"
"[1.246269957277502, 34.018306977635206]"
"[1.2455672711148746, 34.04710806996941]"
"[1.2447715891483506, 34.075164585358074]"
"[1.2441250273362712, 34.10457984496211]"
"[1.2433464690976817, 34.13307492741248]"
"[1.2427855469127354, 34.15860479889358]"
"[1.2420629388230882, 34.186244389208646]"
"[1.2411455389320163, 34.21350221078492]"
"[1.2404128337304214, 34.24016377846986]"
"[1.239409062065554, 34.26901327784084]"
"[1.238479390905603, 34.300061887688415]"
"[1.2374268575258507, 34.329098285467]"
"[1.2364161326730811, 34.35646587897558]"
"[1.2354113542846852, 34.384400918049714]"
"[1.2343899149733029, 34.41165583760281]"
"[1.2332640074938532, 34.44022099256216]"
"[1.231979740271562, 34.469211627918995]"
"[1.230701339503812, 34.498329037991596]"
"[1.2294090526881651, 34.52732310171241]"
"[1.2283098715741487, 34.55551017412414]"
"[1.2268981722695338, 34.58443177593584]"
"[1.2255159348898559, 34.61365295234293]"
"[1.2241897884167496, 34.64295039333653]"
"[1.2228703928931572, 34.672010946752785]"
"[1.2216363384459659, 34.70168336484489]"
"[1.2200787267738953, 34.73075031047658]"
"[1.2189539215914902, 34.7595927671217]"
"[1.217505040385158, 34.78863674283244]"
"[1.2158274576562595, 34.81798818434806]"
"[1.2144076673271185, 34.84774388143214]"
"[1.212817650564068, 34.87681109154071]"
"[1.2114499301615755, 34.90653710742816]"
"[1.2099437500124424, 34.936368052752755]"
"[1.2084513098755165, 34.96499710057732]"
"[1.207270356215011, 34.992803886480736]"
"[1.205956848836186, 35.02129185242253]"
"[1.204572696244629, 35.0502652138394]"
"[1.2029426690266602, 35.079077168512356]"
"[1.2015526244865085, 35.10638686918943]"
"[1.2002034832442887, 35.13394450138904]"
"[1.1987648115125675, 35.16244658299607]"
"[1.1972578815293506, 35.191229046982436]"
"[1.1961396199284098, 35.213019255571375]"
"[1.1951690711838732, 35.23282024655144]"
"[1.1940333592512131, 35.254619759667726]"
"[1.1927611197468968, 35.27836682429166]"
"[1.19120658944466, 35.30599312240774]"
"[1.1896922632881781, 35.33519388265686]"
"[1.1881756926651434, 35.36395101859755]"
"[1.186580088083288, 35.392361856563134]"
"[1.1848258352945487, 35.42084329080746]"
"[1.1832211949129214, 35.44999942283228]"
"[1.1815625875667461, 35.47896214040006]"
"[1.1796820000221173, 35.508536083228705]"
"[1.1780836605081104, 35.53719913026487]"
"[1.1763858996388374, 35.565672203074094]"
"[1.174569957888171, 35.593923453502455]"
"[1.172961325409341, 35.62182201919005]"
"[1.171248673651778, 35.64923480794369]"
"[1.169353051320058, 35.67689668344752]"
"[1.167353121261447, 35.705579513817]"
"[1.1654493889489854, 35.73495391060378]"
"[1.1635908559890464, 35.76379627841727]"
"[1.1615772316498494, 35.792962497499]"
"[1.1595255974291336, 35.82202581280939]"
"[1.1576454049584424, 35.85128324559824]"
"[1.1556945320823666, 35.88090912500452]"
"[1.1537338697124584, 35.90973502488769]"
"[1.1518721388201836, 35.93891182973625]"
"[1.1497563650520917, 35.96805053306318]"
"[1.1478042899180092, 35.99713278388368]"
"[1.1457753043290222, 36.02629712960227]"
"[1.1438052190044783, 36.05457297947521]"
"[1.141713636789955, 36.082150551389546]"
"[1.139603438397523, 36.11071597654737]"
"[1.1373594791305763, 36.1391649195231]"
"[1.1352058228807533, 36.16851200106441]"
"[1.1330047367236036, 36.19775508825609]"
"[1.1307665636779833, 36.22717093480361]"
"[1.128487467343413, 36.25665877179089]"
"[1.1263127010160663, 36.285776902827735]"
"[1.1240747566246148, 36.31552717653494]"
"[1.1217941330530248, 36.34447641619678]"
"[1.1196433660816805, 36.37293505548749]"
"[1.1172637424277063, 36.40204455962926]"
"[1.1148780116479053, 36.430644195436244]"
"[1.112609650129488, 36.459206156479844]"
"[1.1102017407053026, 36.48759748474921]"
"[1.1076181482390852, 36.51620074736269]"
"[1.1052387017601035, 36.54416098049151]"
"[1.1027962234984585, 36.57300254358493]"
"[1.1003394930635266, 36.6006528102383]"
"[1.0977138302191651, 36.628452333346786]"
"[1.0951377519974008, 36.65630940230161]"
"[1.0924983256203618, 36.68480513867332]"
"[1.0898823254739167, 36.71317991856308]"
"[1.0871327260920547, 36.74222775572629]"
"[1.0845925486842511, 36.771872970388294]"
"[1.0819398883482263, 36.80095278598595]"
"[1.0795440029600005, 36.83015274010741]"
"[1.0769436461351092, 36.85903265882178]"
"[1.0744459871749674, 36.88789428964585]"
"[1.0719839011583316, 36.91701409269069]"
"[1.0694976254614175, 36.94609709515297]"
"[1.0670816221918245, 36.9753891763926]"
"[1.064640203046124, 37.0048368205135]"
"[1.062632940082572, 37.03106946981309]"
"[1.06035176807016, 37.05960316169998]"
"[1.0580151920581338, 37.088880185886964]"
"[1.0554580775269649, 37.11982283697516]"
"[1.0529575582874664, 37.14823151673348]"
"[1.0508892099747458, 37.17565896208454]"
"[1.048894681094272, 37.20262250627002]"
"[1.0467036211351792, 37.22874307553905]"
"[1.044571009383101, 37.256870954219174]"
"[1.0421094337027024, 37.28573054398755]"
"[1.0397028626595584, 37.315620892470534]"
"[1.0379192634572065, 37.33792533533145]"
"[1.0354504021547344, 37.368980929298594]"
"[1.0331968732244023, 37.398107628765736]"
"[1.030720032574539, 37.42730153092294]"
"[1.028274370273076, 37.45669895123558]"
"[1.0258824496936998, 37.48625081882049]"
"[1.0235168188390773, 37.51538044266992]"
"[1.0210489380812506, 37.54412719297704]"
"[1.0187626099943556, 37.57298364262049]"
"[1.0163997254827588, 37.60180888934635]"
"[1.0143229293358205, 37.63024909774633]"
"[1.0119118876124997, 37.65970836684238]"
"[1.0100545331083517, 37.68825809449719]"
"[1.0079242125274699, 37.717631160491386]"
"[1.0057056026601272, 37.74732297212127]"
"[1.0036432029319455, 37.77632592257727]"
"[1.001507710084339, 37.80567678949745]"
"[0.9994735802990891, 37.834739553652646]"
"[0.9974350267094291, 37.864162321737616]"
"[0.9953756679052141, 37.89387953428152]"
"[0.9933327754469079, 37.923194552881206]"
"[0.9913485132326335, 37.95297206656571]"
"[0.9891441291993895, 37.98280732690229]"
"[0.9871234661737186, 38.012746305502745]"
"[0.9851890926167977, 38.041691951544735]"
"[0.9831921167796335, 38.07049058987161]"
"[0.981143478631145, 38.09932945965578]"
"[0.9792525416680675, 38.128126744096946]"
"[0.9773170938490859, 38.15749964160364]"
"[0.9753209410683847, 38.18653166126538]"
"[0.9733718955816573, 38.21555247673206]"
"[0.9715162619993368, 38.24492748447364]"
"[0.9694756890563527, 38.274234906493724]"
"[0.9676189613377424, 38.30336940048175]"
"[0.9658380133406579, 38.332480626500846]"
"[0.9639481903063555, 38.361624167545564]"
"[0.9621586835352217, 38.39114067473251]"
"[0.9602572787964444, 38.41999828080907]"
"[0.9584852894563509, 38.447863781527865]"
"[0.9567366338949287, 38.47519227314513]"
"[0.9549556691933176, 38.50328587157764]"
"[0.9531344207955751, 38.53198263100543]"
"[0.9512308238411714, 38.560101756947205]"
"[0.9492989530128834, 38.58803655993832]"
"[0.9474236286946537, 38.61588392596574]"
"[0.9455453588723649, 38.644711130917266]"
"[0.9436147053210311, 38.673195895565435]"
"[0.9416555285787233, 38.702373199115954]"
"[0.9397744448077806, 38.731393981149274]"
"[0.9377421518105649, 38.76045113184639]"
"[0.935808470911167, 38.7905784342051]"
"[0.934095817881559, 38.81791563582466]"
"[0.9320060101801405, 38.849350789620125]"
"[0.9301187554853215, 38.87840363074051]"
"[0.928456646482928, 38.90653923532896]"
"[0.9266085772990434, 38.93481416781415]"
"[0.9248136488523682, 38.96312727621555]"
"[0.9227938374834004, 38.99260944901794]"
"[0.9207695923163404, 39.022134880238646]"
"[0.9189505383867421, 39.051757437193515]"
"[0.9170818028635689, 39.08110609129432]"
"[0.9154401988941585, 39.11027939052401]"
"[0.9136621208769052, 39.13884894782803]"
"[0.9121958676370269, 39.16698875913937]"
"[0.9105783776671328, 39.194213155172726]"
"[0.9091561334414603, 39.2220246481018]"
"[0.9075426715826571, 39.25103217932509]"
"[0.9060380884664864, 39.28013149994487]"
"[0.9044954259880422, 39.30921278619018]"
"[0.903136598653893, 39.33604151718761]"
"[0.901394107850174, 39.367406040889186]"
"[0.899884442018195, 39.39707407344354]"
"[0.8984204568814542, 39.426543795634544]"
"[0.8967201945545746, 39.45521582097406]"
"[0.8953004403597976, 39.48413234123807]"
"[0.8938281885481012, 39.51364156959028]"
"[0.8923826814800182, 39.54312127705778]"
"[0.8909260606559837, 39.57232361636944]"
"[0.8893063260601609, 39.601143423754145]"
"[0.8878031576331653, 39.63025011401228]"
"[0.8864220756191934, 39.659093748550745]"
"[0.8850273917580458, 39.68821571510392]"
"[0.8837874440770578, 39.71728306084781]"
"[0.8824178450686242, 39.74685165326604]"
"[0.8812067182932837, 39.77612286998631]"
"[0.8797234972598648, 39.80480312620769]"
"[0.8784477933069857, 39.83357767052626]"
"[0.8770958582633406, 39.86274958324363]"
"[0.8758238429256553, 39.89236179232229]"
"[0.8746111177679078, 39.92168409164228]"
"[0.8734949997070782, 39.95099369497768]"
"[0.8725932137329258, 39.97750545305799]"
"[0.8716722989689989, 40.00686461472361]"
"[0.870642990518496, 40.033175135323624]"
"[0.8695706947412993, 40.06183753463253]"
"[0.8684695505303358, 40.090683990013865]"
"[0.8675966109619938, 40.120297854550614]"
"[0.8662853470463897, 40.14945173101426]"
"[0.8655186727453985, 40.17832047078813]"
"[0.8644542182651899, 40.20728541725066]"
"[0.8637991191225521, 40.2357794568272]"
"[0.8629380276583106, 40.264215416952275]"
"[0.8623199490590586, 40.29357375953746]"
"[0.8616972753799945, 40.32290314801382]"
"[0.8609263349351415, 40.352300440890836]"
"[0.8603104297879752, 40.382164539490944]"
"[0.8595842093812549, 40.41168101691349]"
"[0.8591994667319024, 40.44046624402507]"
"[0.8581751571631787, 40.46749522304056]"
"[0.8576126602145921, 40.4941639373911]"
"[0.857128697207217, 40.52276580072507]"
"[0.8566816451757239, 40.550934929770385]"
"[0.8562712294000016, 40.580083931551734]"
"[0.8560112381621117, 40.6092634462983]"
"[0.8556889343215777, 40.638417698717745]"
"[0.8553724287603363, 40.66738737275473]"
"[0.8549837542355269, 40.6966333157897]"
"[0.8546740134189866, 40.72588049228136]"
"[0.8546343965769644, 40.75539781385909]"
"[0.8543681680120115, 40.78483320512766]"
"[0.8543193322883885, 40.81346569121685]"
"[0.8542729850479063, 40.8424793332788]"
"[0.8543121907731474, 40.87091130010052]"
"[0.8546565824028893, 40.90004856871489]"
"[0.8546341102669291, 40.92961373286466]"
"[0.854765678448345, 40.956613676019586]"
"[0.8547280476887914, 40.98850574466335]"
"[0.8550708631310472, 41.018782150686064]"
"[0.8552489873014034, 41.04848651853963]"
"[0.855383092646049, 41.07780163152683]"
"[0.8556072057890728, 41.10759857186701]"
"[0.8558768912018484, 41.1370036300414]"
"[0.8562425037153447, 41.16685711487357]"
"[0.8565361078092804, 41.19668115597177]"
"[0.856774330895038, 41.227170910621474]"
"[0.8571396219608601, 41.257617336410085]"
"[0.8577014478103222, 41.28741724268277]"
"[0.8580813370977121, 41.31665835035837]"
"[0.8585912396742423, 41.345813758783414]"
"[0.859080761043757, 41.3745501318307]"
"[0.8596863169070129, 41.4035605047576]"
"[0.8602246328466773, 41.43262300409334]"
"[0.860705081736052, 41.461938956286446]"
"[0.8614349355652441, 41.49118190846063]"
"[0.8621196808779087, 41.520508158204315]"
"[0.8627350683718621, 41.549925903408166]"
"[0.8632471190084144, 41.57885480979147]"
"[0.8636697635145217, 41.60502671291998]"
"[0.864100426207892, 41.63508060466561]"
"[0.8647022073262033, 41.66388229887846]"
"[0.8652669105676727, 41.69330345971434]"
"[0.8658622020385824, 41.72250085152042]"
"[0.8663286479069839, 41.74966813247513]"
"[0.8670367766918097, 41.77863607712767]"
"[0.8677881093243486, 41.809381888171565]"
"[0.8684728769096263, 41.83617487491613]"
"[0.8693408604431925, 41.86535651228253]"
"[0.8702897782066488, 41.894310866851185]"
"[0.8710315563000094, 41.923639824520116]"
"[0.8720519181594639, 41.95255534802846]"
"[0.8728741229794533, 41.981793329960226]"
"[0.8738357062139921, 42.01042930030441]"
"[0.8745870186248829, 42.03787995131443]"
"[0.8752195837261821, 42.064984759120094]"
"[0.8761501779173493, 42.09173639934926]"
"[0.877092111286826, 42.11852737052144]"
"[0.8780093699053657, 42.14558130996964]"
"[0.8790463170224425, 42.173819320772985]"
"[0.880201282473624, 42.20273079364144]"
"[0.8814838645535912, 42.231104973725806]"
"[0.8826659910817394, 42.26063484955769]"
"[0.8838471132292351, 42.290176318476256]"
"[0.8850491567211767, 42.31918622686525]"
"[0.8861496703481159, 42.347998966269316]"
"[0.8871807762117662, 42.37754141839782]"
"[0.8884487439772033, 42.40906364001516]"
"[0.8895754796858989, 42.440177914749476]"
"[0.890744272101598, 42.470339636016]"
"[0.8920310539920234, 42.500240344093015]"
"[0.8934295313175543, 42.53051554859343]"
"[0.894726492341708, 42.5598951384746]"
"[0.8962526925539268, 42.58914568401604]"
"[0.8977076187362946, 42.61747550885702]"
"[0.8987085876300405, 42.63865111744545]"
"[0.8997209093004923, 42.658377298627386]"
"[0.9008793534969928, 42.678676138488626]"
"[0.9020913155389533, 42.69996472407312]"
"[0.9033397713640792, 42.72221451391118]"
"[0.9047564027547428, 42.74547400467313]"
"[0.9062967462309405, 42.77253860846269]"
"[0.9080787125625491, 42.800922686553974]"
"[0.9099076971607131, 42.82931928238303]"
"[0.911805368524299, 42.85739740775002]"
"[0.9132197681395552, 42.878702456443634]"
"[0.9145066915264809, 42.898559811655645]"
"[0.9158090071774355, 42.91830351165757]"
"[0.9169669330970234, 42.9384836500528]"
"[0.9184250902932273, 42.9597298802673]"
"[0.920157795424226, 42.982386220395675]"
"[0.9220385969121611, 43.00832232021978]"
"[0.9241516984538379, 43.0369879525862]"
"[0.9264008298019344, 43.066031580900166]"
"[0.9287963507790888, 43.09432971686608]"
"[0.9309498251996151, 43.122498578017186]"
"[0.933548931527423, 43.15137786803007]"
"[0.9354740989730171, 43.17905377611166]"
"[0.9375664376341845, 43.20673526099661]"
"[0.9396485733676827, 43.23440864288574]"
"[0.9418904227741787, 43.262966212978014]"
"[0.9440620063340087, 43.29172881701007]"
"[0.9464159746615615, 43.32008087647298]"
"[0.9487822441327926, 43.348400051375044]"
"[0.9510664159610623, 43.37628330805036]"
"[0.9532375791366619, 43.402892922540424]"
"[0.9553953971273116, 43.43041395791205]"
"[0.9576287528044435, 43.45842027929794]"
"[0.960028987850404, 43.486965277608384]"
"[0.9624191978049511, 43.514382298313514]"
"[0.9644469534356855, 43.539662846474236]"
"[0.9666422561287813, 43.56731827923761]"
"[0.9687730019864379, 43.596472309223714]"
"[0.971257527209965, 43.62565892838549]"
"[0.973336881562632, 43.65524792114399]"
"[0.9755754620131004, 43.682155960478326]"
"[0.9780331767956343, 43.71349216239238]"
"[0.980282352493454, 43.74311088863532]"
"[0.9824373994921862, 43.770451087581705]"
"[0.9845616891583148, 43.80143364953029]"
"[0.9867507559135417, 43.82993455855052]"
"[0.9888135150593613, 43.85853660608773]"
"[0.9908764374184718, 43.88753574894108]"
"[0.9931239882824412, 43.916214135885696]"
"[0.9951362050713293, 43.94568412053162]"
"[0.9973774588179141, 43.975681972794824]"
"[0.9994121481846718, 44.004038633261125]"
"[1.0009827185492075, 44.025413597843674]"
"[1.0025642329747386, 44.04533280581776]"
"[1.0037806524792805, 44.063808605382846]"
"[1.005173620652852, 44.083463975823406]"
"[1.0068983970360479, 44.10850971412014]"
"[1.0090209421958123, 44.13793092549589]"
"[1.0110887519278335, 44.1662884605557]"
"[1.0134652446588037, 44.19555988782509]"
"[1.0156140314254636, 44.22477601788658]"
"[1.0178663728403434, 44.25396216232613]"
"[1.020280833172216, 44.28307189482497]"
"[1.0225384192245202, 44.31205363705486]"
"[1.0249086399513267, 44.341188149597514]"
"[1.027064975407507, 44.37035742070628]"
"[1.029481781302372, 44.39968943789402]"
"[1.0317859003374232, 44.42886784826392]"
"[1.0340691108820013, 44.45786618559016]"
"[1.0364847172244478, 44.487069595017495]"
"[1.0386472616580038, 44.51652808086565]"
"[1.0408788194728908, 44.544698531270264]"
"[1.0430559594767932, 44.57323557295224]"
"[1.0449543218734938, 44.599929962830444]"
"[1.0471522161450542, 44.63028344829005]"
"[1.0492263515029614, 44.658109342621394]"
"[1.0515179463411268, 44.68617108708718]"
"[1.0535594838910736, 44.71313742680542]"
"[1.0557016796615313, 44.74230088819666]"
"[1.0578930786894383, 44.77166010891396]"
"[1.0598583158315262, 44.80054795652155]"
"[1.061929973378609, 44.82794332896804]"
"[1.0639932148311844, 44.85423181709711]"
"[1.0656662679990665, 44.88001968234138]"
"[1.0674862887084502, 44.905890582748135]"
"[1.0693289278507367, 44.932784463691455]"
"[1.0715012131726345, 44.96116224346496]"
"[1.0737021364274775, 44.99073240491002]"
"[1.076016701143712, 45.01942120258507]"
"[1.0783182921834376, 45.046955771910696]"
"[1.08039434716681, 45.07515723456183]"
"[1.0825778657993257, 45.10397719769736]"
"[1.08474962479251, 45.13310419302663]"
"[1.0870093148220932, 45.16243832182216]"
"[1.0891074390851654, 45.19083519644112]"
"[1.0911619827091381, 45.21884069825545]"
"[1.0930364483363313, 45.24783247395177]"
"[1.0951535726812525, 45.277272100928315]"
"[1.097111931775289, 45.30633338701213]"
"[1.0992678589211187, 45.33568577913802]"
"[1.1013199660960797, 45.36512071672202]"
"[1.103374295461099, 45.39429716255986]"
"[1.105493586075639, 45.423480642226735]"
"[1.107420142184523, 45.45002265753963]"
"[1.109617773008493, 45.479181308789464]"
"[1.1117250429069023, 45.508478498613336]"
"[1.1139184187557285, 45.53672647508261]"
"[1.1160129252297581, 45.564884296890014]"
"[1.1179906643992579, 45.593838826793636]"
"[1.1202406997706758, 45.62306049324529]"
"[1.1222879818115155, 45.65251816434972]"
"[1.1245722380550487, 45.68150676776023]"
"[1.1266304743101958, 45.7108605130982]"
"[1.128715894284481, 45.739937650851104]"
"[1.1306505957068949, 45.76857100019307]"
"[1.1326602063382156, 45.79746647858461]"
"[1.134696268187095, 45.82658984981244]"
"[1.1367273080988614, 45.855945253504984]"
"[1.1385617479656922, 45.88527035313037]"
"[1.1406500486847897, 45.914248498308055]"
"[1.1426924552499398, 45.94363898292866]"
"[1.1446547749568365, 45.972447701436444]"
"[1.1464591851088541, 45.999989290262505]"
"[1.1483187492830942, 46.02714911551747]"
"[1.1499218408699805, 46.053590293440514]"
"[1.1517352204302684, 46.07977591898946]"
"[1.1534695938219788, 46.1073283302289]"
"[1.1554522267751561, 46.13584406744008]"
"[1.157410385538004, 46.16498440863673]"
"[1.1592373219979835, 46.19311067397714]"
"[1.1609751053352013, 46.22038885165183]"
"[1.1626631488618053, 46.24680936389432]"
"[1.1644468155555059, 46.27411736750289]"
"[1.1663162492732553, 46.30168496135536]"
"[1.1680824654244502, 46.329864982418684]"
"[1.1697674588315725, 46.35825406997916]"
"[1.1715372813192064, 46.38725244498726]"
"[1.1734535682327183, 46.41654240170937]"
"[1.1752368551026795, 46.44460511659713]"
"[1.1768023417479256, 46.473542652751775]"
"[1.178644373135748, 46.502384049539884]"
"[1.1805504060484897, 46.53160711312531]"
"[1.182184467708097, 46.56103811419621]"
"[1.1841249237086362, 46.59093869150527]"
"[1.1858863721203652, 46.620789972464]"
"[1.1878629297860543, 46.65012310403157]"
"[1.1896830565914849, 46.67946310474496]"
"[1.1917036847836289, 46.70865864046662]"
"[1.1935835405205382, 46.7375622774198]"
"[1.1954074684191227, 46.766068026805]"
"[1.197306243772348, 46.795056719575854]"
"[1.1991898215366315, 46.8244015737913]"
"[1.20099028203877, 46.85329898332025]"
"[1.2028376657877076, 46.88269463900278]"
"[1.2046471884842826, 46.9118229189423]"
"[1.206371043315007, 46.94072196551555]"
"[1.208107422273237, 46.97013250678277]"
"[1.2100450470060968, 46.998922309855075]"
"[1.211868546001629, 47.02714710897117]"
"[1.2133430785969808, 47.05422990968925]"
"[1.2151150349394322, 47.08275400097088]"
"[1.2168511743152586, 47.11180753771097]"
"[1.2185454120771213, 47.13871542609168]"
"[1.2200073073441078, 47.165060108753046]"
"[1.221669886757136, 47.1937840859243]"
"[1.2232950064905177, 47.22288040236142]"
"[1.2248455656043655, 47.25165279092244]"
"[1.226466633825673, 47.28049994911961]"
"[1.2282231552541667, 47.30881785935855]"
"[1.2298875008142134, 47.33792450606485]"
"[1.2315011043795447, 47.36675501752456]"
"[1.2330918297626547, 47.395972555788795]"
"[1.234830963533171, 47.425180106378725]"
"[1.2365763498244822, 47.454514227093256]"
"[1.23807335732082, 47.4843762974924]"
"[1.239749470237875, 47.51386635662717]"
"[1.2414118508186485, 47.54345022964067]"
"[1.243006089322977, 47.57284712081436]"
"[1.2446341367420555, 47.60243504941929]"
"[1.2460755891448538, 47.63165894902133]"
"[1.2475264659041385, 47.659838192996624]"
"[1.2488743111939486, 47.6878956953915]"
"[1.2503652795165552, 47.71671341440328]"
"[1.2517655413771387, 47.74575034191409]"
"[1.2532570030739092, 47.77498477232785]"
"[1.2546196066413329, 47.80429461640053]"
"[1.2559415898824742, 47.833022841933214]"
"[1.2569970854260204, 47.86187529699811]"
"[1.2581982327014993, 47.89040629436023]"
"[1.2591012632014702, 47.917909161056976]"
"[1.260142767060716, 47.944573588963195]"
"[1.2612284184000695, 47.97221188902749]"
"[1.262203767988582, 47.99980965427725]"
"[1.263111836047179, 48.02756081019334]"
"[1.2639434550727022, 48.05522866174211]"
"[1.264726362780499, 48.08308515141447]"
"[1.2655343780783215, 48.111041798871895]"
"[1.2661473395426184, 48.13853949466656]"
"[1.2668049797729286, 48.16543959640044]"
"[1.2671611118410078, 48.19286155506561]"
"[1.2678255348221055, 48.220371180137114]"
"[1.2683957163345738, 48.24819545026845]"
"[1.2688825884012975, 48.276627462853014]"
"[1.2692976997968692, 48.30473100020638]"
"[1.2695604646680303, 48.332632304621804]"
"[1.2699980049395403, 48.35860950871712]"
"[1.2702017492646627, 48.3860700297943]"
"[1.2702792347941403, 48.413110139094776]"
"[1.270410368598222, 48.44123958006068]"
"[1.2705074609493632, 48.46842717114055]"
"[1.2706324992258355, 48.495319141973404]"
"[1.2707842140652819, 48.52306469463254]"
"[1.2709684574516553, 48.55070591937345]"
"[1.2709977034845987, 48.578118823173384]"
"[1.2709473352160798, 48.605813364183795]"
"[1.2707859155395702, 48.63322109719694]"
"[1.2708067384789319, 48.66031551809522]"
"[1.2704855038644731, 48.68770531019853]"
"[1.2703394370285446, 48.71447308622215]"
"[1.2701017319120513, 48.74093935146196]"
"[1.269893713620255, 48.767935513332574]"
"[1.2695846150649774, 48.79512979629288]"
"[1.2693672790565818, 48.82139024396242]"
"[1.2690928907241812, 48.84877990195857]"
"[1.268707311117471, 48.876480670299635]"
"[1.268178840970851, 48.904551344510466]"
"[1.2676140793537118, 48.93306041803247]"
"[1.267096523168412, 48.96189247453427]"
"[1.2662523655182651, 48.99032132905662]"
"[1.2656670056561414, 49.018897527142926]"
"[1.2649198330994278, 49.047642806263774]"
"[1.2643109949335924, 49.07482037815493]"
"[1.263589165858401, 49.102797788371376]"
"[1.2627873604842037, 49.12995956312927]"
"[1.261888582985773, 49.15739804494761]"
"[1.260955536958582, 49.18534321559444]"
"[1.259836523429773, 49.213453450792635]"
"[1.258765514929779, 49.240975540296326]"
"[1.2577134736216842, 49.2685958203921]"
"[1.2566551202514746, 49.29552805636375]"
"[1.255460593009833, 49.32273331157912]"
"[1.25430451670821, 49.349212127805295]"
"[1.253191793992368, 49.37587330111674]"
"[1.2520132323255104, 49.40278445424346]"
"[1.250590329574525, 49.42950273941041]"
"[1.2493685564111527, 49.45660401330863]"
"[1.248058147549882, 49.484942055025826]"
"[1.2464787846432903, 49.51319486865072]"
"[1.2450802459455261, 49.5411473046295]"
"[1.2436563391957822, 49.57008902889231]"
"[1.2420779350177116, 49.59902600004464]"
"[1.240469771882736, 49.62757868044615]"
"[1.238802795749405, 49.656073547541595]"
"[1.2373316797664322, 49.6841011425419]"
"[1.2356720274226276, 49.71076859867667]"
"[1.2339567493501362, 49.73822243116107]"
"[1.232188386548038, 49.76342325895471]"
"[1.2302296675246605, 49.79288181118984]"
"[1.228120145662753, 49.82159138948106]"
"[1.2261190371488015, 49.849421679085985]"
"[1.2243390679168917, 49.87524032430171]"
"[1.2222038819709289, 49.903657396045354]"
"[1.2200303586027728, 49.933449571936166]"
"[1.2181159007350664, 49.96067487117763]"
"[1.2157517135544322, 49.9886726722961]"
"[1.2135587553076952, 50.01609340385822]"
"[1.2112821300967265, 50.043612613938436]"
"[1.2089904597828647, 50.07132464214489]"
"[1.2063536271915454, 50.09951804561788]"
"[1.2039626766505782, 50.127254234190396]"
"[1.201578301355908, 50.15556714818864]"
"[1.199114888678916, 50.18170526247281]"
"[1.1966866454664804, 50.21085129830307]"
"[1.194278692054329, 50.23659429192045]"
"[1.1915390898318643, 50.26468852444392]"
"[1.189007480583803, 50.291975697273855]"
"[1.1861999207863325, 50.31983084387412]"
"[1.1832930205601548, 50.34788204669824]"
"[1.1803745453672503, 50.3755930275014]"
"[1.1773962674188454, 50.40381889032844]"
"[1.1745949961023827, 50.43095849323515]"
"[1.1714740419539762, 50.45913450873294]"
"[1.168420460445944, 50.48681941769481]"
"[1.1653623446479862, 50.51393574491321]"
"[1.1621847684884368, 50.54095821513513]"
"[1.1590271796768432, 50.568062799336424]"
"[1.1559594465614218, 50.59477296843214]"
"[1.1527413875088577, 50.62214875815441]"
"[1.1493512981238032, 50.6491776296969]"
"[1.145999658974044, 50.676539834487684]"
"[1.1425938301235063, 50.70361853041402]"
"[1.1393060547491798, 50.73064166294932]"
"[1.135909826352609, 50.7579134515203]"
"[1.132419679821351, 50.78542419449097]"
"[1.128881234986245, 50.812538279674406]"
"[1.1252741337218672, 50.83996294026476]"
"[1.1214341324189672, 50.867468453538265]"
"[1.1175962039956417, 50.89508602437853]"
"[1.1136816249320438, 50.922943148918044]"
"[1.1097294080411415, 50.95069497143219]"
"[1.1056342617757857, 50.97849656086667]"
"[1.101886714914729, 51.005808752436046]"
"[1.0979359332804521, 51.033189418724646]"
"[1.0939868433299258, 51.06066134989556]"
"[1.0897206943214206, 51.088595989623435]"
"[1.0855572674384348, 51.116714658035875]"
"[1.0812386593869305, 51.1450457805082]"
"[1.0769299481919803, 51.17294197851357]"
"[1.0726587625583908, 51.20148925649007]"
"[1.0683193739030814, 51.22981313395828]"
"[1.0637802607304512, 51.25785572534028]"
"[1.0594524884699124, 51.28548160220427]"
"[1.0550335657071312, 51.31218215693349]"
"[1.050543035409124, 51.33972651507527]"
"[1.0458858563200775, 51.366918332961866]"
"[1.0413342175769011, 51.393875083954605]"
"[1.0367375040169287, 51.42118208341951]"
"[1.0320137453160934, 51.44851694136488]"
"[1.027556294254705, 51.475244952011316]"
"[1.0226914995849765, 51.50233241344918]"
"[1.0180737653096044, 51.52847170548945]"
"[1.013636677799802, 51.55496268370267]"
"[1.0086367138962835, 51.58311125859681]"
"[1.0037638053250133, 51.61049246788499]"
"[0.9987358139587337, 51.63825704896625]"
"[0.9936560740720993, 51.66629916627585]"
"[0.9884796938545921, 51.69315600133081]"
"[0.9835177708928303, 51.71931501391667]"
"[0.9784719442852715, 51.74651338737691]"
"[0.9733237527229629, 51.77386057968195]"
"[0.9681606156871125, 51.80125543841874]"
"[0.9626953572220306, 51.82951664279304]"
"[0.9574689554516608, 51.85699678910266]"
"[0.9520614499155079, 51.88483901571816]"
"[0.9463658578392496, 51.913050247455644]"
"[0.941016751946367, 51.9409509137256]"
"[0.9354383355031044, 51.968745136154844]"
"[0.9298531723326201, 51.99654514399257]"
"[0.924246069738552, 52.023990643529594]"
"[0.918638892419373, 52.05185304055404]"
"[0.9129560628656396, 52.07958800601012]"
"[0.907470820187493, 52.10614705304924]"
"[0.9019616310242855, 52.133561513825015]"
"[0.8962351404946832, 52.160646445682985]"
"[0.8904203466915713, 52.18804786315642]"
"[0.8845478167519055, 52.215571320978036]"
"[0.8787057950440234, 52.24322489592118]"
"[0.8725508225604346, 52.2708718508786]"
"[0.8666959066515278, 52.298138124224735]"
"[0.8605881031156449, 52.325588717331364]"
"[0.854869586249899, 52.352568981740475]"
"[0.8487866668194005, 52.37998918560645]"
"[0.84280621419613, 52.40672720376338]"
"[0.8369293649113912, 52.43385581570632]"
"[0.8305306225935907, 52.46140096638357]"
"[0.824300622525034, 52.48829520720803]"
"[0.8181236710804809, 52.514829934227954]"
"[0.8120957477293346, 52.54082873464346]"
"[0.8060563752995911, 52.56702282717788]"
"[0.7999250118504551, 52.59321869828703]"
"[0.7934747861150413, 52.61981815543467]"
"[0.7870945523640904, 52.64558778473724]"
"[0.7807514504575692, 52.67166294039575]"
"[0.7744767452414856, 52.69738738359826]"
"[0.7681993078280996, 52.72355886330131]"
"[0.7614787667564901, 52.75017285931051]"
"[0.7547995978076562, 52.77738475813775]"
"[0.7476781569234362, 52.804645483255385]"
"[0.7410193180905025, 52.831806713932515]"
"[0.7339890910974834, 52.859816771010124]"
"[0.7270259464890312, 52.88711167215893]"
"[0.7201076368704251, 52.91442918708348]"
"[0.712900901079641, 52.94206609437714]"
"[0.705769507333364, 52.96912959409811]"
"[0.6988256061343472, 52.99537229611082]"
"[0.6917834792367787, 53.021801796265684]"
"[0.6853295298714768, 53.04639128036061]"
"[0.6782901727632349, 53.072777592651654]"
"[0.6710137420892979, 53.100082684461846]"
"[0.6640587979774416, 53.12662213864087]"
"[0.6567845560832739, 53.15346060294605]"
"[0.649481829681078, 53.18043024406004]"
"[0.6423849139254938, 53.206851138507034]"
"[0.6351037765628159, 53.23349374321922]"
"[0.6278896112797255, 53.25978585970927]"
"[0.6207609596960024, 53.28534650058009]"
"[0.6135088666838185, 53.31144839040232]"
"[0.606269975034655, 53.33752002411052]"
"[0.5985822217255823, 53.36386985279581]"
"[0.5910446971419676, 53.39093431241781]"
"[0.5833625319838072, 53.418202106795285]"
"[0.575633066454405, 53.44505885933603]"
"[0.5676653204092381, 53.47204491414364]"
"[0.5597084783409308, 53.499114081653374]"
"[0.5518329409545393, 53.52564561792425]"
"[0.5442352359074741, 53.55144806791019]"
"[0.536342368137154, 53.5781415935168]"
"[0.5286213206309591, 53.6048936612397]"
"[0.5203653398823888, 53.63185074749805]"
"[0.5122502937102927, 53.65935972103353]"
"[0.5039156479040127, 53.68613372287404]"
"[0.4955601880613941, 53.71302977891239]"
"[0.487054315983344, 53.74015771931548]"
"[0.47875488946413813, 53.76715776013435]"
"[0.4702275732447648, 53.793606867899925]"
"[0.4618175137024548, 53.81992750265281]"
"[0.45369241099159474, 53.84530566367496]"
"[0.4454548488534528, 53.87070365674373]"
"[0.4369472945260033, 53.896926488200506]"
"[0.42851195666347, 53.923601958835796]"
"[0.41967345673286277, 53.95056948764652]"
"[0.41096341630072547, 53.97701229886639]"
"[0.40215528237005166, 54.003874837040215]"
"[0.3934299504045084, 54.03045421168086]"
"[0.3843487015478589, 54.05755512878213]"
"[0.3753441577341506, 54.08445560295706]"
"[0.3666239655583989, 54.11090128422472]"
"[0.35784652395162575, 54.13655145932996]"
"[0.3488672489416062, 54.16305615878263]"
"[0.339726909030175, 54.1898907247099]"
"[0.330384077968026, 54.216776463300484]"
"[0.3212739129828011, 54.243192698454976]"
"[0.31217373979330376, 54.26949548951358]"
"[0.3029258998283229, 54.29616892252701]"
"[0.2933268742774631, 54.32328038838539]"
"[0.2840529090741139, 54.3502361530599]"
"[0.2745426088698036, 54.377013456185445]"
"[0.2654092201657702, 54.402709417220855]"
"[0.2564544355061086, 54.42798021853996]"
"[0.24725523597313695, 54.453809926636616]"
"[0.23784427997757035, 54.48025564027374]"
"[0.2283059061526076, 54.50628999701342]"
"[0.21868161710137402, 54.53239192178569]"
"[0.20899213636935016, 54.55910758495128]"
"[0.19917792779037063, 54.58537082979524]"
"[0.18968583348341697, 54.61133187964084]"
"[0.1799557155140797, 54.63753524422982]"
"[0.17031145944825532, 54.663218319947646]"
"[0.1609832750663631, 54.68882303204217]"
"[0.15139637666823938, 54.713965178212725]"
"[0.1417247922236043, 54.73932859739627]"
"[0.13209756063850195, 54.7649513077042]"
"[0.12223575601077791, 54.79122736398465]"
"[0.1121542500439509, 54.817333588173064]"
"[0.10220436067826127, 54.84324004627881]"
"[0.0918903745644703, 54.869686618669206]"
"[0.08182433618577757, 54.89615994836422]"
"[0.07129299898620965, 54.92334745451138]"
"[0.061066699442526594, 54.94955248313312]"
"[0.05100043486935943, 54.97519992583966]"
"[0.04172990347052744, 54.9985733170089]"
